borough,building_class_category,gross_square_feet,sale_price,sale_date,building_class_8
1,11 SPECIAL CONDO BILLING LOTS,14659,375000,2025-02-10,Other
1,11 SPECIAL CONDO BILLING LOTS,2446,3890000,2025-01-23,Other
1,11 SPECIAL CONDO BILLING LOTS,4321,8500000,2025-01-31,Other
3,11 SPECIAL CONDO BILLING LOTS,129410,112800000,2024-11-14,Other
3,11 SPECIAL CONDO BILLING LOTS,89603,72600000,2025-07-24,Other
2,02 TWO FAMILY DWELLINGS,2507,729000,2025-01-17,TwoFamily
2,03 THREE FAMILY DWELLINGS,2280,707000,2025-01-17,ThreeFamily
2,03 THREE FAMILY DWELLINGS,2280,707000,2025-01-17,ThreeFamily
2,03 THREE FAMILY DWELLINGS,2280,707000,2025-01-17,ThreeFamily
3,02 TWO FAMILY DWELLINGS,3013,1635000,2025-07-07,TwoFamily
3,01 ONE FAMILY DWELLINGS,2304,4800000,2025-04-09,OneFamily
3,14 RENTALS - 4-10 UNIT,4092,3700000,2024-11-04,Other
3,01 ONE FAMILY DWELLINGS,1320,500000,2025-10-24,OneFamily
3,01 ONE FAMILY DWELLINGS,1800,600000,2025-10-06,OneFamily
3,02 TWO FAMILY DWELLINGS,3000,1135273,2025-01-28,TwoFamily
3,01 ONE FAMILY DWELLINGS,960,825000,2025-02-13,OneFamily
3,01 ONE FAMILY DWELLINGS,1000,1825000,2025-08-22,OneFamily
4,01 ONE FAMILY DWELLINGS,960,645000,2025-02-03,OneFamily
1,08 RENTALS - ELEVATOR APARTMENTS,42108,6300000,2025-08-14,ElevatorApt
1,08 RENTALS - ELEVATOR APARTMENTS,47988,5850000,2025-08-01,ElevatorApt
2,08 RENTALS - ELEVATOR APARTMENTS,44916,3870490,2025-05-16,ElevatorApt
2,08 RENTALS - ELEVATOR APARTMENTS,50400,4243200,2025-05-16,ElevatorApt
2,22 STORE BUILDINGS,10000,4500000,2025-02-10,Commercial
2,07 RENTALS - WALKUP APARTMENTS,48800,3600000,2025-04-10,WalkupApt
2,01 ONE FAMILY DWELLINGS,2834,426459,2024-11-15,OneFamily
2,07 RENTALS - WALKUP APARTMENTS,36300,1325000,2025-08-11,WalkupApt
2,29 COMMERCIAL GARAGES,10000,6000000,2025-06-25,Commercial
2,07 RENTALS - WALKUP APARTMENTS,40075,32333419,2025-06-30,WalkupApt
2,22 STORE BUILDINGS,8327,3875000,2025-09-30,Commercial
2,27 FACTORIES,16205,4500000,2025-03-19,Commercial
2,07 RENTALS - WALKUP APARTMENTS,36500,4050000,2025-03-19,WalkupApt
2,22 STORE BUILDINGS,15600,1850000,2025-10-15,Commercial
2,22 STORE BUILDINGS,10000,8000000,2025-09-11,Commercial
3,22 STORE BUILDINGS,20000,6714284,2025-07-31,Commercial
3,29 COMMERCIAL GARAGES,4910,4500000,2025-01-07,Commercial
3,22 STORE BUILDINGS,10000,6235000,2025-10-22,Commercial
3,33 EDUCATIONAL FACILITIES,25000,2100000,2025-06-26,Commercial
3,27 FACTORIES,8300,1395000,2025-10-24,Commercial
3,35 INDOOR PUBLIC AND CULTURAL FACILITIES,6378,3200000,2025-02-21,Commercial
3,07 RENTALS - WALKUP APARTMENTS,32800,2300000,2025-08-14,WalkupApt
3,22 STORE BUILDINGS,8600,5250000,2025-07-09,Commercial
3,01 ONE FAMILY DWELLINGS,2976,950000,2024-12-17,OneFamily
3,07 RENTALS - WALKUP APARTMENTS,6516,7360000,2025-05-30,WalkupApt
3,03 THREE FAMILY DWELLINGS,3060,850000,2025-07-30,ThreeFamily
3,22 STORE BUILDINGS,6200,2000000,2025-08-28,Commercial
4,01 ONE FAMILY DWELLINGS,1600,2100000,2024-12-09,OneFamily
4,07 RENTALS - WALKUP APARTMENTS,3840,2150000,2025-01-17,WalkupApt
4,30 WAREHOUSES,5950,4118000,2025-09-17,Commercial
4,01 ONE FAMILY DWELLINGS,1678,1400000,2025-01-20,OneFamily
4,01 ONE FAMILY DWELLINGS,2039,1215000,2024-11-25,OneFamily
4,01 ONE FAMILY DWELLINGS,1460,1400000,2025-07-29,OneFamily
4,29 COMMERCIAL GARAGES,3000,4950000,2025-04-15,Commercial
4,01 ONE FAMILY DWELLINGS,2203,999000,2025-09-29,OneFamily
4,01 ONE FAMILY DWELLINGS,4725,2900000,2025-02-06,OneFamily
4,21 OFFICE BUILDINGS,27324,11360260,2025-03-04,Commercial
4,22 STORE BUILDINGS,10000,6800000,2024-11-04,Commercial
4,22 STORE BUILDINGS,450,6800000,2024-11-04,Commercial
4,22 STORE BUILDINGS,1900,3700000,2025-08-25,Commercial
4,29 COMMERCIAL GARAGES,10000,3950000,2025-03-13,Commercial
4,29 COMMERCIAL GARAGES,7000,4232500,2025-05-15,Commercial
4,30 WAREHOUSES,4000,3915000,2024-12-11,Commercial
4,33 EDUCATIONAL FACILITIES,20000,12000000,2025-05-21,Commercial
4,22 STORE BUILDINGS,9600,5205000,2025-02-13,Commercial
4,07 RENTALS - WALKUP APARTMENTS,5040,156000,2025-03-19,WalkupApt
4,07 RENTALS - WALKUP APARTMENTS,35000,9500000,2025-06-26,WalkupApt
4,27 FACTORIES,2906,2600000,2024-12-12,Commercial
5,01 ONE FAMILY DWELLINGS,3904,1350000,2025-03-12,OneFamily
5,02 TWO FAMILY DWELLINGS,2375,800000,2025-08-27,TwoFamily
5,22 STORE BUILDINGS,1974,1775000,2025-08-05,Commercial
5,01 ONE FAMILY DWELLINGS,5880,1944000,2025-01-31,OneFamily
5,01 ONE FAMILY DWELLINGS,1650,1150000,2025-03-20,OneFamily
5,01 ONE FAMILY DWELLINGS,4953,2099999,2024-12-11,OneFamily
5,07 RENTALS - WALKUP APARTMENTS,5440,2175000,2025-05-20,WalkupApt
5,01 ONE FAMILY DWELLINGS,2696,1700000,2024-11-22,OneFamily
5,02 TWO FAMILY DWELLINGS,3504,1180000,2025-08-05,TwoFamily
5,07 RENTALS - WALKUP APARTMENTS,5516,1250000,2024-12-31,WalkupApt
5,02 TWO FAMILY DWELLINGS,2976,1150000,2025-03-21,TwoFamily
5,01 ONE FAMILY DWELLINGS,3600,1400000,2025-04-03,OneFamily
5,01 ONE FAMILY DWELLINGS,2352,975000,2025-07-11,OneFamily
5,01 ONE FAMILY DWELLINGS,4752,1350000,2025-10-24,OneFamily
5,02 TWO FAMILY DWELLINGS,2832,1220000,2025-03-21,TwoFamily
5,02 TWO FAMILY DWELLINGS,2832,1270000,2024-12-16,TwoFamily
5,02 TWO FAMILY DWELLINGS,6108,1875000,2024-11-08,TwoFamily
5,01 ONE FAMILY DWELLINGS,1672,1195000,2025-02-19,OneFamily
5,01 ONE FAMILY DWELLINGS,1950,820000,2024-12-05,OneFamily
5,01 ONE FAMILY DWELLINGS,3144,2200000,2025-04-23,OneFamily
5,01 ONE FAMILY DWELLINGS,1428,650000,2024-11-13,OneFamily
5,01 ONE FAMILY DWELLINGS,2452,1125000,2025-04-01,OneFamily
5,01 ONE FAMILY DWELLINGS,1300,1200000,2025-07-29,OneFamily
5,02 TWO FAMILY DWELLINGS,4192,1399000,2025-07-03,TwoFamily
5,02 TWO FAMILY DWELLINGS,3000,980000,2025-09-18,TwoFamily
5,02 TWO FAMILY DWELLINGS,2940,1075000,2024-12-23,TwoFamily
2,07 RENTALS - WALKUP APARTMENTS,25412,2700000,2025-07-15,WalkupApt
4,01 ONE FAMILY DWELLINGS,4755,1700000,2025-04-02,OneFamily
2,21 OFFICE BUILDINGS,28000,24000000,2024-12-12,Commercial
3,01 ONE FAMILY DWELLINGS,1080,740000,2024-11-08,OneFamily
2,22 STORE BUILDINGS,13800,4650000,2025-02-20,Commercial
3,30 WAREHOUSES,25420,10990000,2025-03-25,Commercial
4,30 WAREHOUSES,9900,26839859,2025-08-05,Commercial
4,01 ONE FAMILY DWELLINGS,2310,2800000,2025-05-22,OneFamily
1,21 OFFICE BUILDINGS,88722,67223960,2025-01-08,Commercial
1,26 OTHER HOTELS,153363,57789019,2024-12-12,Commercial
5,01 ONE FAMILY DWELLINGS,1080,760000,2025-03-03,OneFamily
4,02 TWO FAMILY DWELLINGS,2980,5300000,2025-02-06,TwoFamily
5,01 ONE FAMILY DWELLINGS,930,510000,2025-05-19,OneFamily
5,02 TWO FAMILY DWELLINGS,5197,1782000,2024-11-25,TwoFamily
5,01 ONE FAMILY DWELLINGS,1000,750000,2025-06-02,OneFamily
5,30 WAREHOUSES,6741,4900000,2025-10-03,Commercial
1,07 RENTALS - WALKUP APARTMENTS,36295,8750000,2025-04-03,WalkupApt
3,01 ONE FAMILY DWELLINGS,976,550000,2025-07-18,OneFamily
5,01 ONE FAMILY DWELLINGS,688,795000,2025-04-25,OneFamily
4,29 COMMERCIAL GARAGES,1000,110000,2024-11-05,Commercial
3,03 THREE FAMILY DWELLINGS,2600,1525000,2025-02-05,ThreeFamily
3,02 TWO FAMILY DWELLINGS,2352,1507051,2025-09-11,TwoFamily
4,01 ONE FAMILY DWELLINGS,1528,632000,2025-07-24,OneFamily
5,01 ONE FAMILY DWELLINGS,2001,610000,2025-07-21,OneFamily
4,01 ONE FAMILY DWELLINGS,1959,1375000,2025-05-01,OneFamily
3,01 ONE FAMILY DWELLINGS,1834,1500000,2025-07-23,OneFamily
2,01 ONE FAMILY DWELLINGS,3936,2000000,2025-10-03,OneFamily
5,02 TWO FAMILY DWELLINGS,1494,495000,2025-08-08,TwoFamily
2,29 COMMERCIAL GARAGES,7675,3143325,2025-09-25,Commercial
5,01 ONE FAMILY DWELLINGS,1480,525000,2025-08-19,OneFamily
1,21 OFFICE BUILDINGS,120592,7435000,2025-08-01,Commercial
4,01 ONE FAMILY DWELLINGS,1750,1440000,2025-04-11,OneFamily
2,30 WAREHOUSES,8375,1900000,2025-05-06,Commercial
4,21 OFFICE BUILDINGS,3530,2000000,2025-05-28,Commercial
5,01 ONE FAMILY DWELLINGS,1176,635000,2025-03-25,OneFamily
4,01 ONE FAMILY DWELLINGS,1852,1190000,2025-04-14,OneFamily
2,01 ONE FAMILY DWELLINGS,2950,2120000,2025-05-16,OneFamily
4,22 STORE BUILDINGS,7900,4000000,2025-07-16,Commercial
4,30 WAREHOUSES,9800,5000000,2025-07-07,Commercial
4,22 STORE BUILDINGS,10160,9000000,2025-05-22,Commercial
3,01 ONE FAMILY DWELLINGS,910,825000,2025-02-13,OneFamily
5,01 ONE FAMILY DWELLINGS,1474,550000,2025-06-03,OneFamily
2,08 RENTALS - ELEVATOR APARTMENTS,38250,4238870,2025-05-16,ElevatorApt
5,02 TWO FAMILY DWELLINGS,3400,1200000,2025-08-27,TwoFamily
5,01 ONE FAMILY DWELLINGS,3970,600000,2024-12-26,OneFamily
3,01 ONE FAMILY DWELLINGS,992,875000,2025-10-21,OneFamily
5,02 TWO FAMILY DWELLINGS,1637,725000,2024-11-13,TwoFamily
4,01 ONE FAMILY DWELLINGS,2790,1830000,2025-03-03,OneFamily
2,07 RENTALS - WALKUP APARTMENTS,37960,6300000,2025-01-29,WalkupApt
1,07 RENTALS - WALKUP APARTMENTS,4788,4810000,2025-01-03,WalkupApt
5,02 TWO FAMILY DWELLINGS,4280,1103783,2025-08-28,TwoFamily
3,29 COMMERCIAL GARAGES,9800,3750000,2025-09-26,Commercial
1,08 RENTALS - ELEVATOR APARTMENTS,39578,5900000,2025-05-15,ElevatorApt
2,08 RENTALS - ELEVATOR APARTMENTS,47886,5500000,2024-11-15,ElevatorApt
4,30 WAREHOUSES,9600,3250000,2024-11-21,Commercial
5,01 ONE FAMILY DWELLINGS,8950,912000,2025-03-20,OneFamily
5,01 ONE FAMILY DWELLINGS,3768,637500,2025-02-03,OneFamily
2,01 ONE FAMILY DWELLINGS,2635,1700000,2024-11-01,OneFamily
2,08 RENTALS - ELEVATOR APARTMENTS,36000,3350000,2025-02-26,ElevatorApt
3,29 COMMERCIAL GARAGES,2348,4600000,2024-12-06,Commercial
4,22 STORE BUILDINGS,13005,4350000,2025-02-26,Commercial
2,29 COMMERCIAL GARAGES,10300,4785000,2025-01-06,Commercial
4,01 ONE FAMILY DWELLINGS,2340,1600000,2025-06-04,OneFamily
5,01 ONE FAMILY DWELLINGS,1675,658000,2025-09-09,OneFamily
5,01 ONE FAMILY DWELLINGS,1675,639999,2025-07-29,OneFamily
3,21 OFFICE BUILDINGS,7972,12150000,2025-03-28,Commercial
4,01 ONE FAMILY DWELLINGS,2136,1300000,2025-05-08,OneFamily
3,14 RENTALS - 4-10 UNIT,3760,2450000,2024-11-14,Other
4,01 ONE FAMILY DWELLINGS,1478,1500000,2025-08-20,OneFamily
5,02 TWO FAMILY DWELLINGS,4200,1705000,2025-10-27,TwoFamily
1,08 RENTALS - ELEVATOR APARTMENTS,102053,10500000,2024-11-18,ElevatorApt
1,14 RENTALS - 4-10 UNIT,3755,4525000,2025-06-03,Other
5,01 ONE FAMILY DWELLINGS,1254,680000,2025-02-25,OneFamily
1,02 TWO FAMILY DWELLINGS,3344,11500000,2025-04-28,TwoFamily
3,02 TWO FAMILY DWELLINGS,1152,800000,2025-02-27,TwoFamily
5,01 ONE FAMILY DWELLINGS,2760,990000,2025-06-25,OneFamily
3,02 TWO FAMILY DWELLINGS,2251,2222563,2025-01-10,TwoFamily
4,01 ONE FAMILY DWELLINGS,1920,765000,2025-09-30,OneFamily
4,01 ONE FAMILY DWELLINGS,864,369562,2025-01-30,OneFamily
4,02 TWO FAMILY DWELLINGS,1805,710000,2025-10-06,TwoFamily
3,30 WAREHOUSES,56000,15445000,2025-04-02,Commercial
2,01 ONE FAMILY DWELLINGS,2352,1350000,2025-06-30,OneFamily
1,07 RENTALS - WALKUP APARTMENTS,2952,2000000,2025-01-13,WalkupApt
5,01 ONE FAMILY DWELLINGS,5707,1460000,2025-06-26,OneFamily
3,14 RENTALS - 4-10 UNIT,3420,1380000,2024-11-27,Other
3,01 ONE FAMILY DWELLINGS,1352,1210000,2025-05-23,OneFamily
3,02 TWO FAMILY DWELLINGS,1876,1370000,2025-05-16,TwoFamily
3,02 TWO FAMILY DWELLINGS,3042,1315000,2025-07-03,TwoFamily
3,02 TWO FAMILY DWELLINGS,3030,3211465,2025-01-10,TwoFamily
5,01 ONE FAMILY DWELLINGS,910,579900,2025-09-25,OneFamily
5,01 ONE FAMILY DWELLINGS,1480,590000,2025-05-08,OneFamily
5,01 ONE FAMILY DWELLINGS,1176,560000,2025-05-09,OneFamily
3,01 ONE FAMILY DWELLINGS,5311,2375000,2025-01-17,OneFamily
3,08 RENTALS - ELEVATOR APARTMENTS,44100,4600000,2025-03-10,ElevatorApt
5,02 TWO FAMILY DWELLINGS,4780,1087500,2025-08-14,TwoFamily
3,01 ONE FAMILY DWELLINGS,2625,6488333,2025-03-20,OneFamily
1,21 OFFICE BUILDINGS,129135,105500000,2025-05-28,Commercial
2,30 WAREHOUSES,7900,2400000,2025-06-17,Commercial
5,01 ONE FAMILY DWELLINGS,3000,1400000,2025-08-21,OneFamily
2,01 ONE FAMILY DWELLINGS,1232,630000,2025-05-07,OneFamily
4,22 STORE BUILDINGS,2024,6200000,2025-08-26,Commercial
2,02 TWO FAMILY DWELLINGS,1350,300000,2025-08-14,TwoFamily
2,01 ONE FAMILY DWELLINGS,3698,2725000,2025-03-07,OneFamily
2,01 ONE FAMILY DWELLINGS,2348,1170000,2025-01-06,OneFamily
1,08 RENTALS - ELEVATOR APARTMENTS,48438,120198,2025-02-27,ElevatorApt
3,01 ONE FAMILY DWELLINGS,719,750000,2025-08-29,OneFamily
4,01 ONE FAMILY DWELLINGS,1996,990000,2025-06-24,OneFamily
4,01 ONE FAMILY DWELLINGS,1996,988000,2025-03-21,OneFamily
5,01 ONE FAMILY DWELLINGS,1008,597000,2025-09-03,OneFamily
5,01 ONE FAMILY DWELLINGS,1008,590000,2025-04-30,OneFamily
5,01 ONE FAMILY DWELLINGS,1480,641000,2025-09-18,OneFamily
5,01 ONE FAMILY DWELLINGS,1008,565000,2025-09-09,OneFamily
4,29 COMMERCIAL GARAGES,1875,4137238,2025-02-07,Commercial
5,01 ONE FAMILY DWELLINGS,2404,1275000,2025-08-26,OneFamily
5,01 ONE FAMILY DWELLINGS,1268,875000,2025-09-05,OneFamily
5,02 TWO FAMILY DWELLINGS,4200,1530000,2025-09-11,TwoFamily
5,02 TWO FAMILY DWELLINGS,3870,1645000,2025-06-11,TwoFamily
5,02 TWO FAMILY DWELLINGS,3960,1325000,2024-12-23,TwoFamily
3,01 ONE FAMILY DWELLINGS,1152,800000,2025-03-06,OneFamily
5,01 ONE FAMILY DWELLINGS,1570,590000,2025-07-15,OneFamily
5,01 ONE FAMILY DWELLINGS,5831,795000,2025-03-18,OneFamily
2,32 HOSPITAL AND HEALTH FACILITIES,25000,5400000,2025-04-03,Commercial
5,01 ONE FAMILY DWELLINGS,1350,950000,2025-07-28,OneFamily
4,02 TWO FAMILY DWELLINGS,2040,1965000,2025-02-14,TwoFamily
2,08 RENTALS - ELEVATOR APARTMENTS,50762,3200000,2025-07-31,ElevatorApt
5,01 ONE FAMILY DWELLINGS,3288,1500000,2025-04-17,OneFamily
3,02 TWO FAMILY DWELLINGS,2052,2998000,2025-05-16,TwoFamily
3,22 STORE BUILDINGS,11149,3300000,2025-08-14,Commercial
3,22 STORE BUILDINGS,10700,3000000,2024-12-05,Commercial
3,01 ONE FAMILY DWELLINGS,1452,995000,2025-02-04,OneFamily
4,01 ONE FAMILY DWELLINGS,5238,3665700,2025-03-31,OneFamily
3,01 ONE FAMILY DWELLINGS,612,520000,2025-01-21,OneFamily
5,02 TWO FAMILY DWELLINGS,4480,1756481,2025-01-28,TwoFamily
2,03 THREE FAMILY DWELLINGS,936,5102000,2024-12-11,ThreeFamily
2,26 OTHER HOTELS,7600,4300000,2025-03-13,Commercial
1,02 TWO FAMILY DWELLINGS,2880,975000,2024-11-27,TwoFamily
4,01 ONE FAMILY DWELLINGS,1032,467000,2025-07-29,OneFamily
5,01 ONE FAMILY DWELLINGS,1080,470000,2025-08-04,OneFamily
5,01 ONE FAMILY DWELLINGS,1440,385000,2025-06-15,OneFamily
5,01 ONE FAMILY DWELLINGS,1000,436000,2025-06-20,OneFamily
2,38 ASYLUMS AND HOMES,20200,4275000,2024-12-23,Other
5,01 ONE FAMILY DWELLINGS,2164,1150000,2025-10-01,OneFamily
5,01 ONE FAMILY DWELLINGS,1767,1188000,2025-09-23,OneFamily
5,02 TWO FAMILY DWELLINGS,2600,1250000,2025-03-13,TwoFamily
1,01 ONE FAMILY DWELLINGS,4576,7200000,2025-02-20,OneFamily
4,01 ONE FAMILY DWELLINGS,1468,590000,2025-05-14,OneFamily
4,01 ONE FAMILY DWELLINGS,1468,610000,2025-05-08,OneFamily
4,01 ONE FAMILY DWELLINGS,1468,580000,2025-07-14,OneFamily
5,01 ONE FAMILY DWELLINGS,1480,540000,2025-03-14,OneFamily
1,26 OTHER HOTELS,71541,59830000,2024-11-08,Commercial
5,01 ONE FAMILY DWELLINGS,3796,1525000,2025-06-09,OneFamily
3,02 TWO FAMILY DWELLINGS,1728,2250000,2025-04-28,TwoFamily
3,14 RENTALS - 4-10 UNIT,2490,3000000,2024-11-19,Other
3,02 TWO FAMILY DWELLINGS,3572,1100000,2025-08-14,TwoFamily
4,02 TWO FAMILY DWELLINGS,1330,1100000,2025-06-13,TwoFamily
1,22 STORE BUILDINGS,4850,62588500,2025-10-21,Commercial
1,22 STORE BUILDINGS,3541,62588500,2025-10-21,Commercial
5,01 ONE FAMILY DWELLINGS,972,1050000,2025-05-20,OneFamily
5,01 ONE FAMILY DWELLINGS,900,628000,2025-04-17,OneFamily
4,22 STORE BUILDINGS,1800,2107000,2025-04-15,Commercial
5,01 ONE FAMILY DWELLINGS,1504,869000,2025-03-13,OneFamily
2,30 WAREHOUSES,22371,3900000,2025-06-04,Commercial
5,01 ONE FAMILY DWELLINGS,1244,562500,2025-01-30,OneFamily
5,01 ONE FAMILY DWELLINGS,1200,535000,2025-07-11,OneFamily
4,01 ONE FAMILY DWELLINGS,1878,1250000,2025-10-29,OneFamily
5,22 STORE BUILDINGS,4250,1300000,2025-03-20,Commercial
5,01 ONE FAMILY DWELLINGS,5376,1088000,2025-07-22,OneFamily
5,01 ONE FAMILY DWELLINGS,3801,1750000,2025-05-14,OneFamily
2,01 ONE FAMILY DWELLINGS,1648,375000,2025-02-27,OneFamily
3,02 TWO FAMILY DWELLINGS,1683,1120000,2025-04-03,TwoFamily
4,01 ONE FAMILY DWELLINGS,1190,850000,2025-09-03,OneFamily
5,02 TWO FAMILY DWELLINGS,1493,615000,2025-08-08,TwoFamily
5,01 ONE FAMILY DWELLINGS,900,845000,2024-11-15,OneFamily
1,07 RENTALS - WALKUP APARTMENTS,5500,2800000,2025-06-26,WalkupApt
2,01 ONE FAMILY DWELLINGS,1648,655000,2025-03-31,OneFamily
4,01 ONE FAMILY DWELLINGS,1920,775000,2025-02-12,OneFamily
4,02 TWO FAMILY DWELLINGS,2238,1200000,2025-09-12,TwoFamily
5,02 TWO FAMILY DWELLINGS,1300,400000,2025-06-27,TwoFamily
5,01 ONE FAMILY DWELLINGS,1320,183211,2024-12-06,OneFamily
5,01 ONE FAMILY DWELLINGS,1320,660000,2025-03-20,OneFamily
2,08 RENTALS - ELEVATOR APARTMENTS,47145,3642810,2025-05-16,ElevatorApt
2,08 RENTALS - ELEVATOR APARTMENTS,56000,4711590,2025-05-16,ElevatorApt
4,01 ONE FAMILY DWELLINGS,4000,1900000,2025-03-05,OneFamily
4,07 RENTALS - WALKUP APARTMENTS,25832,4750000,2024-11-18,WalkupApt
4,21 OFFICE BUILDINGS,16950,5500000,2024-12-20,Commercial
5,01 ONE FAMILY DWELLINGS,1844,670000,2025-02-13,OneFamily
5,01 ONE FAMILY DWELLINGS,1960,1100000,2024-11-19,OneFamily
1,32 HOSPITAL AND HEALTH FACILITIES,70848,27589375,2024-12-16,Commercial
5,01 ONE FAMILY DWELLINGS,825,459000,2025-03-25,OneFamily
5,01 ONE FAMILY DWELLINGS,910,295074,2025-07-18,OneFamily
5,02 TWO FAMILY DWELLINGS,2312,1365000,2025-02-04,TwoFamily
3,29 COMMERCIAL GARAGES,1845,5750000,2024-12-20,Commercial
3,07 RENTALS - WALKUP APARTMENTS,5535,1275000,2025-03-10,WalkupApt
5,01 ONE FAMILY DWELLINGS,1340,924000,2025-09-10,OneFamily
4,29 COMMERCIAL GARAGES,2300,6666667,2025-07-15,Commercial
1,01 ONE FAMILY DWELLINGS,3166,9900000,2025-03-27,OneFamily
1,03 THREE FAMILY DWELLINGS,2040,800000,2024-12-02,ThreeFamily
5,02 TWO FAMILY DWELLINGS,2554,1200000,2025-06-13,TwoFamily
5,01 ONE FAMILY DWELLINGS,2527,1500000,2025-05-06,OneFamily
4,37 RELIGIOUS FACILITIES,11000,3500000,2025-04-25,Other
1,01 ONE FAMILY DWELLINGS,3232,3300000,2025-10-15,OneFamily
4,01 ONE FAMILY DWELLINGS,3088,3200000,2025-01-14,OneFamily
2,26 OTHER HOTELS,8070,4400000,2024-11-07,Commercial
3,30 WAREHOUSES,11000,3175000,2025-05-27,Commercial
4,02 TWO FAMILY DWELLINGS,2480,990000,2025-03-20,TwoFamily
4,14 RENTALS - 4-10 UNIT,3300,2400000,2025-03-31,Other
5,01 ONE FAMILY DWELLINGS,900,445000,2025-05-22,OneFamily
3,07 RENTALS - WALKUP APARTMENTS,28200,2300000,2025-09-29,WalkupApt
5,01 ONE FAMILY DWELLINGS,2002,1180000,2025-07-29,OneFamily
5,01 ONE FAMILY DWELLINGS,3494,1475000,2025-04-09,OneFamily
5,01 ONE FAMILY DWELLINGS,1432,560000,2024-11-18,OneFamily
3,01 ONE FAMILY DWELLINGS,1328,785010,2024-11-14,OneFamily
2,03 THREE FAMILY DWELLINGS,2740,960000,2025-01-07,ThreeFamily
2,01 ONE FAMILY DWELLINGS,1842,445200,2025-08-22,OneFamily
3,02 TWO FAMILY DWELLINGS,1512,690000,2025-05-20,TwoFamily
3,01 ONE FAMILY DWELLINGS,1112,1955000,2024-12-06,OneFamily
3,07 RENTALS - WALKUP APARTMENTS,35396,3150000,2025-10-29,WalkupApt
4,03 THREE FAMILY DWELLINGS,4821,1485000,2025-03-28,ThreeFamily
4,08 RENTALS - ELEVATOR APARTMENTS,51042,11500000,2025-08-07,ElevatorApt
2,02 TWO FAMILY DWELLINGS,2304,1400000,2025-08-29,TwoFamily
1,07 RENTALS - WALKUP APARTMENTS,3028,3050000,2025-02-07,WalkupApt
5,02 TWO FAMILY DWELLINGS,4554,1552831,2024-12-18,TwoFamily
3,02 TWO FAMILY DWELLINGS,1856,1900000,2025-04-29,TwoFamily
2,02 TWO FAMILY DWELLINGS,2025,540000,2025-04-21,TwoFamily
2,22 STORE BUILDINGS,5177,3000000,2024-11-19,Commercial
3,01 ONE FAMILY DWELLINGS,1796,380000,2025-04-24,OneFamily
4,21 OFFICE BUILDINGS,7268,3650000,2025-03-25,Commercial
5,01 ONE FAMILY DWELLINGS,1176,595000,2024-11-04,OneFamily
2,07 RENTALS - WALKUP APARTMENTS,2448,999000,2025-06-20,WalkupApt
3,02 TWO FAMILY DWELLINGS,3850,2450000,2024-11-14,TwoFamily
5,01 ONE FAMILY DWELLINGS,1316,850000,2025-07-02,OneFamily
3,02 TWO FAMILY DWELLINGS,1596,490000,2025-07-08,TwoFamily
3,14 RENTALS - 4-10 UNIT,3379,3775033,2025-01-10,Other
5,21 OFFICE BUILDINGS,5568,1050000,2025-06-05,Commercial
3,01 ONE FAMILY DWELLINGS,1500,935000,2025-09-22,OneFamily
3,02 TWO FAMILY DWELLINGS,4599,3550000,2024-12-19,TwoFamily
2,01 ONE FAMILY DWELLINGS,3214,2500000,2025-05-09,OneFamily
3,03 THREE FAMILY DWELLINGS,2376,2500000,2025-08-21,ThreeFamily
5,01 ONE FAMILY DWELLINGS,1540,608000,2024-12-18,OneFamily
5,01 ONE FAMILY DWELLINGS,1250,660000,2025-01-30,OneFamily
1,21 OFFICE BUILDINGS,150686,153131,2024-12-19,Commercial
4,01 ONE FAMILY DWELLINGS,864,595000,2025-01-30,OneFamily
5,01 ONE FAMILY DWELLINGS,1435,565000,2025-01-22,OneFamily
2,01 ONE FAMILY DWELLINGS,1480,599000,2025-06-16,OneFamily
5,01 ONE FAMILY DWELLINGS,1672,513000,2024-11-18,OneFamily
4,22 STORE BUILDINGS,1824,3400000,2024-12-18,Commercial
5,01 ONE FAMILY DWELLINGS,1300,550000,2025-02-12,OneFamily
2,08 RENTALS - ELEVATOR APARTMENTS,65856,4794990,2025-05-16,ElevatorApt
1,21 OFFICE BUILDINGS,130000,19250000,2025-05-22,Commercial
5,01 ONE FAMILY DWELLINGS,4852,1410000,2025-07-01,OneFamily
4,29 COMMERCIAL GARAGES,10800,4400000,2025-05-30,Commercial
3,01 ONE FAMILY DWELLINGS,1800,900000,2025-02-27,OneFamily
4,30 WAREHOUSES,71024,6196500,2024-12-05,Commercial
4,30 WAREHOUSES,71024,35216775,2025-06-26,Commercial
2,02 TWO FAMILY DWELLINGS,2268,600000,2025-07-09,TwoFamily
4,02 TWO FAMILY DWELLINGS,1080,935000,2025-10-28,TwoFamily
4,30 WAREHOUSES,35658,50050000,2024-12-27,Commercial
4,29 COMMERCIAL GARAGES,11470,5600000,2025-05-05,Commercial
2,08 RENTALS - ELEVATOR APARTMENTS,51180,4703620,2025-05-16,ElevatorApt
1,08 RENTALS - ELEVATOR APARTMENTS,51876,12500000,2025-07-10,ElevatorApt
2,01 ONE FAMILY DWELLINGS,1648,550000,2025-02-25,OneFamily
2,01 ONE FAMILY DWELLINGS,1648,590082,2024-12-23,OneFamily
3,14 RENTALS - 4-10 UNIT,3860,5000000,2024-11-21,Other
3,22 STORE BUILDINGS,2650,14500000,2025-09-10,Commercial
3,22 STORE BUILDINGS,3070,14500000,2025-09-10,Commercial
3,01 ONE FAMILY DWELLINGS,618,550000,2025-09-26,OneFamily
4,03 THREE FAMILY DWELLINGS,2560,1400000,2025-04-01,ThreeFamily
5,01 ONE FAMILY DWELLINGS,900,540000,2025-06-24,OneFamily
5,01 ONE FAMILY DWELLINGS,1100,555000,2025-07-18,OneFamily
2,08 RENTALS - ELEVATOR APARTMENTS,48870,33103009,2025-09-11,ElevatorApt
3,22 STORE BUILDINGS,7575,3015000,2024-11-20,Commercial
4,07 RENTALS - WALKUP APARTMENTS,40500,6000000,2024-11-04,WalkupApt
3,02 TWO FAMILY DWELLINGS,960,970000,2025-06-04,TwoFamily
5,01 ONE FAMILY DWELLINGS,2271,1050000,2024-11-14,OneFamily
3,01 ONE FAMILY DWELLINGS,980,850000,2025-08-01,OneFamily
4,01 ONE FAMILY DWELLINGS,748,220000,2025-07-08,OneFamily
4,01 ONE FAMILY DWELLINGS,703,350000,2025-04-24,OneFamily
4,01 ONE FAMILY DWELLINGS,756,250000,2025-08-12,OneFamily
5,01 ONE FAMILY DWELLINGS,612,338000,2025-06-10,OneFamily
4,01 ONE FAMILY DWELLINGS,2252,2230000,2025-02-12,OneFamily
1,02 TWO FAMILY DWELLINGS,3360,102000,2025-03-25,TwoFamily
3,01 ONE FAMILY DWELLINGS,960,499990,2025-10-22,OneFamily
4,21 OFFICE BUILDINGS,21000,5700000,2025-07-02,Commercial
3,02 TWO FAMILY DWELLINGS,1818,275000,2025-09-15,TwoFamily
4,02 TWO FAMILY DWELLINGS,3341,1300000,2024-12-03,TwoFamily
2,01 ONE FAMILY DWELLINGS,1146,525000,2025-08-01,OneFamily
3,02 TWO FAMILY DWELLINGS,2592,2285000,2025-07-25,TwoFamily
3,02 TWO FAMILY DWELLINGS,2070,880000,2025-03-14,TwoFamily
3,03 THREE FAMILY DWELLINGS,2560,3300000,2025-10-07,ThreeFamily
4,03 THREE FAMILY DWELLINGS,1436,853000,2025-02-13,ThreeFamily
4,01 ONE FAMILY DWELLINGS,1200,555000,2025-03-20,OneFamily
5,01 ONE FAMILY DWELLINGS,1600,671000,2025-03-04,OneFamily
3,21 OFFICE BUILDINGS,31100,8500000,2025-04-16,Commercial
5,27 FACTORIES,9769,4900000,2025-10-03,Commercial
5,01 ONE FAMILY DWELLINGS,1080,300000,2025-01-06,OneFamily
2,29 COMMERCIAL GARAGES,1040,525000,2024-12-02,Commercial
4,30 WAREHOUSES,7200,3200000,2025-09-04,Commercial
4,01 ONE FAMILY DWELLINGS,4800,3500000,2025-06-02,OneFamily
1,01 ONE FAMILY DWELLINGS,3192,3850000,2025-10-07,OneFamily
3,22 STORE BUILDINGS,11657,7000000,2025-06-25,Commercial
4,01 ONE FAMILY DWELLINGS,2458,2138400,2024-12-06,OneFamily
5,02 TWO FAMILY DWELLINGS,3054,1414235,2025-05-02,TwoFamily
3,02 TWO FAMILY DWELLINGS,1836,675000,2025-07-08,TwoFamily
1,01 ONE FAMILY DWELLINGS,3360,6400000,2025-05-06,OneFamily
3,02 TWO FAMILY DWELLINGS,1653,1080000,2025-08-25,TwoFamily
3,02 TWO FAMILY DWELLINGS,3300,1497503,2025-06-30,TwoFamily
5,01 ONE FAMILY DWELLINGS,1339,640000,2025-07-21,OneFamily
5,01 ONE FAMILY DWELLINGS,1165,505000,2024-11-15,OneFamily
5,02 TWO FAMILY DWELLINGS,1450,350000,2025-05-02,TwoFamily
5,01 ONE FAMILY DWELLINGS,4358,1800000,2025-04-22,OneFamily
3,07 RENTALS - WALKUP APARTMENTS,42120,6250000,2025-06-25,WalkupApt
4,29 COMMERCIAL GARAGES,2400,3250000,2025-05-01,Commercial
4,01 ONE FAMILY DWELLINGS,1375,1155000,2025-10-03,OneFamily
4,02 TWO FAMILY DWELLINGS,3612,1800000,2025-09-04,TwoFamily
5,37 RELIGIOUS FACILITIES,2750,550000,2025-02-28,Other
2,01 ONE FAMILY DWELLINGS,935,625000,2025-04-16,OneFamily
5,01 ONE FAMILY DWELLINGS,1420,638000,2025-08-21,OneFamily
3,01 ONE FAMILY DWELLINGS,4441,5350000,2025-08-11,OneFamily
3,01 ONE FAMILY DWELLINGS,630,550000,2025-05-02,OneFamily
5,01 ONE FAMILY DWELLINGS,925,525000,2024-12-05,OneFamily
5,01 ONE FAMILY DWELLINGS,2600,1748888,2025-07-31,OneFamily
5,01 ONE FAMILY DWELLINGS,3600,1630000,2025-05-28,OneFamily
5,02 TWO FAMILY DWELLINGS,3974,975000,2024-11-22,TwoFamily
5,01 ONE FAMILY DWELLINGS,1375,599999,2025-04-14,OneFamily
5,01 ONE FAMILY DWELLINGS,1472,1272813,2025-01-21,OneFamily
1,02 TWO FAMILY DWELLINGS,2400,8575000,2025-08-13,TwoFamily
3,02 TWO FAMILY DWELLINGS,2000,714812,2025-09-29,TwoFamily
3,32 HOSPITAL AND HEALTH FACILITIES,22039,12550000,2025-04-10,Commercial
2,29 COMMERCIAL GARAGES,2112,3650000,2024-12-11,Commercial
5,01 ONE FAMILY DWELLINGS,5156,1880000,2025-06-18,OneFamily
3,03 THREE FAMILY DWELLINGS,2241,3325000,2025-01-09,ThreeFamily
3,29 COMMERCIAL GARAGES,12000,13500000,2025-07-24,Commercial
3,01 ONE FAMILY DWELLINGS,1452,600000,2024-11-20,OneFamily
4,01 ONE FAMILY DWELLINGS,1190,890000,2025-05-15,OneFamily
5,01 ONE FAMILY DWELLINGS,1248,550000,2025-05-27,OneFamily
5,01 ONE FAMILY DWELLINGS,1250,474750,2024-11-07,OneFamily
3,02 TWO FAMILY DWELLINGS,1881,1170000,2024-11-22,TwoFamily
4,21 OFFICE BUILDINGS,24370,9000000,2025-03-12,Commercial
5,03 THREE FAMILY DWELLINGS,2160,1200000,2025-01-23,ThreeFamily
4,22 STORE BUILDINGS,11325,3600000,2025-08-26,Commercial
3,03 THREE FAMILY DWELLINGS,2957,1550000,2025-05-20,ThreeFamily
4,02 TWO FAMILY DWELLINGS,1862,399000,2025-05-16,TwoFamily
4,22 STORE BUILDINGS,1045,450000,2025-02-05,Commercial
2,01 ONE FAMILY DWELLINGS,1752,730000,2025-10-06,OneFamily
3,02 TWO FAMILY DWELLINGS,1830,2380000,2025-09-22,TwoFamily
3,22 STORE BUILDINGS,2074,755000,2024-11-12,Commercial
3,02 TWO FAMILY DWELLINGS,1496,790000,2025-06-03,TwoFamily
3,02 TWO FAMILY DWELLINGS,1496,475000,2024-11-14,TwoFamily
5,01 ONE FAMILY DWELLINGS,1036,550000,2024-12-19,OneFamily
5,01 ONE FAMILY DWELLINGS,1176,525000,2025-09-17,OneFamily
2,08 RENTALS - ELEVATOR APARTMENTS,54369,4179630,2025-05-16,ElevatorApt
2,07 RENTALS - WALKUP APARTMENTS,54048,3811081,2025-03-27,WalkupApt
2,07 RENTALS - WALKUP APARTMENTS,53274,3665036,2025-03-27,WalkupApt
1,07 RENTALS - WALKUP APARTMENTS,2613,1850000,2025-01-24,WalkupApt
3,22 STORE BUILDINGS,3434,1900000,2024-12-17,Commercial
3,03 THREE FAMILY DWELLINGS,1710,2320000,2025-10-15,ThreeFamily
5,02 TWO FAMILY DWELLINGS,1492,495000,2025-08-08,TwoFamily
5,01 ONE FAMILY DWELLINGS,1289,800000,2025-02-25,OneFamily
1,22 STORE BUILDINGS,2169,62588500,2025-10-21,Commercial
3,02 TWO FAMILY DWELLINGS,1408,523950,2025-06-18,TwoFamily
3,02 TWO FAMILY DWELLINGS,1408,680000,2024-12-16,TwoFamily
4,02 TWO FAMILY DWELLINGS,1548,725000,2025-06-13,TwoFamily
5,01 ONE FAMILY DWELLINGS,1840,725000,2024-11-13,OneFamily
1,08 RENTALS - ELEVATOR APARTMENTS,59269,725000,2024-12-17,ElevatorApt
1,08 RENTALS - ELEVATOR APARTMENTS,59269,550000,2025-04-10,ElevatorApt
1,07 RENTALS - WALKUP APARTMENTS,2520,1428000,2025-05-20,WalkupApt
2,22 STORE BUILDINGS,1200,1400000,2024-11-26,Commercial
2,02 TWO FAMILY DWELLINGS,2700,725000,2024-12-23,TwoFamily
2,03 THREE FAMILY DWELLINGS,1935,830000,2025-06-10,ThreeFamily
3,02 TWO FAMILY DWELLINGS,2080,1388000,2025-05-16,TwoFamily
3,02 TWO FAMILY DWELLINGS,2080,1450000,2025-02-03,TwoFamily
3,01 ONE FAMILY DWELLINGS,1692,1850000,2024-12-20,OneFamily
3,02 TWO FAMILY DWELLINGS,2025,1950000,2025-04-01,TwoFamily
3,07 RENTALS - WALKUP APARTMENTS,4160,1579200,2025-03-26,WalkupApt
3,01 ONE FAMILY DWELLINGS,1730,650000,2024-11-25,OneFamily
3,02 TWO FAMILY DWELLINGS,3600,2950000,2024-11-22,TwoFamily
3,03 THREE FAMILY DWELLINGS,2640,708058,2025-07-01,ThreeFamily
3,02 TWO FAMILY DWELLINGS,2200,950000,2025-09-16,TwoFamily
3,01 ONE FAMILY DWELLINGS,1120,676000,2025-07-10,OneFamily
3,02 TWO FAMILY DWELLINGS,1400,987804,2025-02-19,TwoFamily
3,01 ONE FAMILY DWELLINGS,1146,1775000,2025-05-29,OneFamily
3,01 ONE FAMILY DWELLINGS,840,1776000,2024-11-08,OneFamily
3,01 ONE FAMILY DWELLINGS,1020,650000,2024-11-12,OneFamily
3,02 TWO FAMILY DWELLINGS,1898,1450000,2025-05-13,TwoFamily
3,03 THREE FAMILY DWELLINGS,2700,2117000,2025-04-28,ThreeFamily
3,02 TWO FAMILY DWELLINGS,1800,1640000,2025-10-08,TwoFamily
4,01 ONE FAMILY DWELLINGS,1428,998000,2025-06-20,OneFamily
4,02 TWO FAMILY DWELLINGS,1236,970000,2025-10-21,TwoFamily
5,01 ONE FAMILY DWELLINGS,1378,616000,2025-07-31,OneFamily
5,01 ONE FAMILY DWELLINGS,1378,563000,2025-01-06,OneFamily
5,01 ONE FAMILY DWELLINGS,1200,560000,2025-03-25,OneFamily
5,01 ONE FAMILY DWELLINGS,1600,670000,2025-09-02,OneFamily
5,01 ONE FAMILY DWELLINGS,448,445000,2025-01-14,OneFamily
5,01 ONE FAMILY DWELLINGS,524,272000,2025-05-19,OneFamily
5,01 ONE FAMILY DWELLINGS,420,311550,2025-09-10,OneFamily
5,01 ONE FAMILY DWELLINGS,1159,360570,2025-07-31,OneFamily
5,01 ONE FAMILY DWELLINGS,1159,452946,2024-12-12,OneFamily
5,02 TWO FAMILY DWELLINGS,2139,530000,2025-07-15,TwoFamily
3,08 RENTALS - ELEVATOR APARTMENTS,48000,7125000,2025-10-29,ElevatorApt
3,07 RENTALS - WALKUP APARTMENTS,38000,3563259,2024-11-15,WalkupApt
3,21 OFFICE BUILDINGS,11290,10225000,2025-04-18,Commercial
3,07 RENTALS - WALKUP APARTMENTS,34600,2520000,2025-08-26,WalkupApt
3,29 COMMERCIAL GARAGES,2660,3350000,2025-04-10,Commercial
3,07 RENTALS - WALKUP APARTMENTS,30700,3600000,2025-07-08,WalkupApt
3,08 RENTALS - ELEVATOR APARTMENTS,60259,28000000,2025-05-01,ElevatorApt
3,02 TWO FAMILY DWELLINGS,4962,4800000,2025-07-01,TwoFamily
4,01 ONE FAMILY DWELLINGS,6816,2850000,2025-03-19,OneFamily
4,27 FACTORIES,8000,3480000,2025-10-15,Commercial
5,01 ONE FAMILY DWELLINGS,1792,665000,2025-06-30,OneFamily
5,01 ONE FAMILY DWELLINGS,2200,1300000,2025-03-05,OneFamily
5,02 TWO FAMILY DWELLINGS,5600,1263648,2024-11-19,TwoFamily
5,02 TWO FAMILY DWELLINGS,5600,1650000,2025-04-17,TwoFamily
1,08 RENTALS - ELEVATOR APARTMENTS,74453,56250000,2025-10-01,ElevatorApt
2,07 RENTALS - WALKUP APARTMENTS,42490,3498128,2025-03-27,WalkupApt
2,07 RENTALS - WALKUP APARTMENTS,42740,3741536,2025-03-27,WalkupApt
3,03 THREE FAMILY DWELLINGS,2968,4925000,2025-07-30,ThreeFamily
3,01 ONE FAMILY DWELLINGS,2700,3100000,2025-10-01,OneFamily
5,01 ONE FAMILY DWELLINGS,884,512000,2025-01-24,OneFamily
2,03 THREE FAMILY DWELLINGS,3000,879000,2025-01-21,ThreeFamily
5,01 ONE FAMILY DWELLINGS,1240,410000,2025-10-01,OneFamily
2,07 RENTALS - WALKUP APARTMENTS,42000,4500000,2025-09-29,WalkupApt
2,32 HOSPITAL AND HEALTH FACILITIES,13674,4200000,2025-07-10,Commercial
3,29 COMMERCIAL GARAGES,13518,164000000,2025-04-30,Commercial
3,02 TWO FAMILY DWELLINGS,3300,1800000,2025-06-04,TwoFamily
3,03 THREE FAMILY DWELLINGS,2640,24000000,2025-09-18,ThreeFamily
5,01 ONE FAMILY DWELLINGS,1480,480000,2025-06-30,OneFamily
2,02 TWO FAMILY DWELLINGS,1472,999000,2025-03-18,TwoFamily
2,29 COMMERCIAL GARAGES,24228,3500000,2025-02-12,Commercial
5,02 TWO FAMILY DWELLINGS,4100,1455000,2025-01-07,TwoFamily
1,03 THREE FAMILY DWELLINGS,5945,1999900,2025-10-01,ThreeFamily
4,01 ONE FAMILY DWELLINGS,1248,350000,2025-01-27,OneFamily
4,01 ONE FAMILY DWELLINGS,1248,915000,2025-06-26,OneFamily
5,01 ONE FAMILY DWELLINGS,3284,450000,2024-11-15,OneFamily
4,01 ONE FAMILY DWELLINGS,1632,670000,2025-05-02,OneFamily
4,02 TWO FAMILY DWELLINGS,2400,1068000,2025-02-06,TwoFamily
1,08 RENTALS - ELEVATOR APARTMENTS,29987,50000000,2025-02-28,ElevatorApt
5,01 ONE FAMILY DWELLINGS,1248,526000,2025-05-23,OneFamily
3,01 ONE FAMILY DWELLINGS,976,2195000,2025-07-16,OneFamily
2,01 ONE FAMILY DWELLINGS,1188,450000,2025-05-12,OneFamily
1,14 RENTALS - 4-10 UNIT,3357,5700000,2025-06-12,Other
3,02 TWO FAMILY DWELLINGS,2400,1645000,2025-07-11,TwoFamily
5,01 ONE FAMILY DWELLINGS,1380,560000,2024-11-01,OneFamily
5,01 ONE FAMILY DWELLINGS,1380,585000,2025-01-06,OneFamily
1,01 ONE FAMILY DWELLINGS,2640,8000000,2025-03-10,OneFamily
5,01 ONE FAMILY DWELLINGS,1438,499999,2024-12-31,OneFamily
4,01 ONE FAMILY DWELLINGS,732,622200,2025-07-09,OneFamily
1,22 STORE BUILDINGS,2448,62588500,2025-10-21,Commercial
3,03 THREE FAMILY DWELLINGS,2560,2262500,2025-01-10,ThreeFamily
1,22 STORE BUILDINGS,2400,830000,2024-11-04,Commercial
2,01 ONE FAMILY DWELLINGS,1440,520000,2025-02-12,OneFamily
3,02 TWO FAMILY DWELLINGS,1500,1600000,2025-02-03,TwoFamily
3,02 TWO FAMILY DWELLINGS,2625,1900000,2025-08-11,TwoFamily
4,01 ONE FAMILY DWELLINGS,525,390000,2025-08-13,OneFamily
4,01 ONE FAMILY DWELLINGS,525,290000,2025-07-11,OneFamily
4,01 ONE FAMILY DWELLINGS,1632,925000,2025-10-07,OneFamily
3,02 TWO FAMILY DWELLINGS,1584,800000,2025-05-06,TwoFamily
3,07 RENTALS - WALKUP APARTMENTS,3135,10670376,2025-06-13,WalkupApt
4,03 THREE FAMILY DWELLINGS,2869,1480000,2025-08-12,ThreeFamily
1,03 THREE FAMILY DWELLINGS,2808,3165000,2025-01-15,ThreeFamily
3,07 RENTALS - WALKUP APARTMENTS,4160,1220800,2025-03-26,WalkupApt
5,01 ONE FAMILY DWELLINGS,1400,525000,2025-08-20,OneFamily
5,29 COMMERCIAL GARAGES,3600,495000,2025-02-03,Commercial
1,02 TWO FAMILY DWELLINGS,3240,2604204,2025-08-28,TwoFamily
1,02 TWO FAMILY DWELLINGS,3280,1863000,2024-12-23,TwoFamily
2,02 TWO FAMILY DWELLINGS,2910,770000,2025-02-28,TwoFamily
5,01 ONE FAMILY DWELLINGS,1350,590000,2024-11-25,OneFamily
4,37 RELIGIOUS FACILITIES,2040,964000,2024-12-04,Other
1,21 OFFICE BUILDINGS,210777,66244842,2025-10-10,Commercial
5,01 ONE FAMILY DWELLINGS,1300,2000000,2024-11-13,OneFamily
4,01 ONE FAMILY DWELLINGS,5506,7625000,2025-03-06,OneFamily
4,02 TWO FAMILY DWELLINGS,1152,2150000,2025-10-31,TwoFamily
2,29 COMMERCIAL GARAGES,24700,15000000,2025-01-23,Commercial
4,22 STORE BUILDINGS,7500,6200000,2025-08-26,Commercial
1,21 OFFICE BUILDINGS,238294,65500000,2024-11-14,Commercial
2,02 TWO FAMILY DWELLINGS,1412,545000,2024-11-08,TwoFamily
3,03 THREE FAMILY DWELLINGS,3060,4000000,2025-06-05,ThreeFamily
3,02 TWO FAMILY DWELLINGS,1920,670000,2025-09-17,TwoFamily
5,01 ONE FAMILY DWELLINGS,960,449000,2024-11-06,OneFamily
5,01 ONE FAMILY DWELLINGS,700,335000,2025-01-09,OneFamily
5,01 ONE FAMILY DWELLINGS,680,399998,2025-06-04,OneFamily
1,21 OFFICE BUILDINGS,101724,38000000,2025-02-10,Commercial
1,08 RENTALS - ELEVATOR APARTMENTS,51144,10400000,2024-11-15,ElevatorApt
3,08 RENTALS - ELEVATOR APARTMENTS,28358,20300000,2025-08-07,ElevatorApt
3,01 ONE FAMILY DWELLINGS,1674,2500000,2025-08-18,OneFamily
4,03 THREE FAMILY DWELLINGS,2036,1260000,2025-06-20,ThreeFamily
4,22 STORE BUILDINGS,3109,1200000,2025-05-30,Commercial
5,01 ONE FAMILY DWELLINGS,1900,610000,2025-08-19,OneFamily
1,37 RELIGIOUS FACILITIES,2775,1076000,2025-09-29,Other
1,01 ONE FAMILY DWELLINGS,3360,7100000,2024-11-19,OneFamily
3,03 THREE FAMILY DWELLINGS,3000,1600000,2025-10-27,ThreeFamily
3,02 TWO FAMILY DWELLINGS,2394,3620000,2025-02-28,TwoFamily
5,01 ONE FAMILY DWELLINGS,1365,600000,2025-09-17,OneFamily
4,01 ONE FAMILY DWELLINGS,1625,895000,2025-05-23,OneFamily
4,03 THREE FAMILY DWELLINGS,1376,980000,2025-09-11,ThreeFamily
1,02 TWO FAMILY DWELLINGS,3328,2250000,2025-07-11,TwoFamily
4,01 ONE FAMILY DWELLINGS,1024,768000,2025-07-28,OneFamily
5,01 ONE FAMILY DWELLINGS,756,603980,2025-03-26,OneFamily
3,22 STORE BUILDINGS,5310,3700000,2025-05-14,Commercial
2,21 OFFICE BUILDINGS,38964,4925012,2025-01-30,Commercial
1,07 RENTALS - WALKUP APARTMENTS,2097,550000,2025-07-24,WalkupApt
1,37 RELIGIOUS FACILITIES,2097,3500000,2025-04-30,Other
1,37 RELIGIOUS FACILITIES,2097,3500000,2025-04-30,Other
1,02 TWO FAMILY DWELLINGS,2400,1190000,2025-05-07,TwoFamily
1,08 RENTALS - ELEVATOR APARTMENTS,57415,19400000,2025-07-10,ElevatorApt
2,01 ONE FAMILY DWELLINGS,1400,805000,2025-05-13,OneFamily
2,03 THREE FAMILY DWELLINGS,2952,810000,2025-04-28,ThreeFamily
3,02 TWO FAMILY DWELLINGS,2445,4624000,2024-12-17,TwoFamily
3,03 THREE FAMILY DWELLINGS,2811,1575000,2025-10-31,ThreeFamily
3,02 TWO FAMILY DWELLINGS,2400,1825000,2025-02-07,TwoFamily
3,02 TWO FAMILY DWELLINGS,1404,789000,2025-09-30,TwoFamily
3,02 TWO FAMILY DWELLINGS,1534,1952500,2025-08-07,TwoFamily
3,02 TWO FAMILY DWELLINGS,1534,1450000,2025-05-29,TwoFamily
3,02 TWO FAMILY DWELLINGS,1764,600000,2025-06-05,TwoFamily
3,14 RENTALS - 4-10 UNIT,2625,3700000,2024-11-14,Other
4,01 ONE FAMILY DWELLINGS,898,550000,2025-03-10,OneFamily
4,02 TWO FAMILY DWELLINGS,2800,850000,2024-11-13,TwoFamily
1,21 OFFICE BUILDINGS,103178,68795174,2025-01-21,Commercial
2,08 RENTALS - ELEVATOR APARTMENTS,67500,5750000,2025-06-25,ElevatorApt
2,01 ONE FAMILY DWELLINGS,4630,2820000,2024-11-21,OneFamily
2,21 OFFICE BUILDINGS,50000,7991420,2025-01-15,Commercial
2,30 WAREHOUSES,12500,17100000,2025-10-12,Commercial
2,22 STORE BUILDINGS,20000,3950000,2025-08-26,Commercial
2,22 STORE BUILDINGS,6055,5080000,2025-08-28,Commercial
2,32 HOSPITAL AND HEALTH FACILITIES,59499,10780000,2025-03-10,Commercial
2,08 RENTALS - ELEVATOR APARTMENTS,42000,4214840,2025-05-16,ElevatorApt
4,07 RENTALS - WALKUP APARTMENTS,37948,8435000,2024-12-17,WalkupApt
4,08 RENTALS - ELEVATOR APARTMENTS,53100,8500000,2024-12-06,ElevatorApt
2,03 THREE FAMILY DWELLINGS,2754,660000,2025-06-16,ThreeFamily
3,01 ONE FAMILY DWELLINGS,1244,1211718,2025-07-03,OneFamily
3,01 ONE FAMILY DWELLINGS,1234,2350000,2025-06-27,OneFamily
5,01 ONE FAMILY DWELLINGS,1144,490000,2025-03-10,OneFamily
3,02 TWO FAMILY DWELLINGS,2160,3650000,2025-08-07,TwoFamily
4,02 TWO FAMILY DWELLINGS,1280,950000,2025-06-11,TwoFamily
4,02 TWO FAMILY DWELLINGS,1224,985000,2025-06-24,TwoFamily
5,01 ONE FAMILY DWELLINGS,1250,560000,2025-06-02,OneFamily
1,01 ONE FAMILY DWELLINGS,2720,8000000,2025-03-10,OneFamily
1,01 ONE FAMILY DWELLINGS,3068,6150000,2024-11-22,OneFamily
1,08 RENTALS - ELEVATOR APARTMENTS,100142,623731,2025-06-05,ElevatorApt
1,08 RENTALS - ELEVATOR APARTMENTS,100142,813551,2025-06-17,ElevatorApt
4,02 TWO FAMILY DWELLINGS,2262,1159118,2025-02-14,TwoFamily
4,02 TWO FAMILY DWELLINGS,2262,1170000,2025-02-27,TwoFamily
4,02 TWO FAMILY DWELLINGS,2262,1155000,2025-03-14,TwoFamily
1,14 RENTALS - 4-10 UNIT,3655,5700000,2024-12-19,Other
4,01 ONE FAMILY DWELLINGS,5000,2900000,2025-05-14,OneFamily
1,02 TWO FAMILY DWELLINGS,1992,3800000,2025-04-22,TwoFamily
2,01 ONE FAMILY DWELLINGS,1950,975000,2025-01-27,OneFamily
1,14 RENTALS - 4-10 UNIT,5058,4700000,2025-07-07,Other
2,01 ONE FAMILY DWELLINGS,1392,1350000,2025-05-06,OneFamily
2,01 ONE FAMILY DWELLINGS,1533,689000,2025-10-14,OneFamily
3,01 ONE FAMILY DWELLINGS,1440,800000,2025-03-10,OneFamily
3,03 THREE FAMILY DWELLINGS,2265,1300000,2025-04-10,ThreeFamily
3,02 TWO FAMILY DWELLINGS,2436,2310000,2025-05-27,TwoFamily
3,02 TWO FAMILY DWELLINGS,1120,450000,2025-02-13,TwoFamily
3,01 ONE FAMILY DWELLINGS,2256,1100000,2025-09-26,OneFamily
4,02 TWO FAMILY DWELLINGS,1728,922000,2025-09-11,TwoFamily
5,01 ONE FAMILY DWELLINGS,1008,499999,2025-08-06,OneFamily
5,01 ONE FAMILY DWELLINGS,1806,615000,2025-05-21,OneFamily
5,01 ONE FAMILY DWELLINGS,1188,488500,2024-12-03,OneFamily
2,08 RENTALS - ELEVATOR APARTMENTS,68040,5472420,2025-05-16,ElevatorApt
2,08 RENTALS - ELEVATOR APARTMENTS,66000,4500000,2025-03-01,ElevatorApt
3,21 OFFICE BUILDINGS,57425,28700000,2025-04-02,Commercial
5,02 TWO FAMILY DWELLINGS,5580,1450000,2025-08-08,TwoFamily
5,01 ONE FAMILY DWELLINGS,1600,605000,2025-10-27,OneFamily
5,01 ONE FAMILY DWELLINGS,4300,850000,2025-06-25,OneFamily
3,14 RENTALS - 4-10 UNIT,2530,1388000,2025-04-22,Other
5,01 ONE FAMILY DWELLINGS,1240,650000,2025-03-24,OneFamily
3,03 THREE FAMILY DWELLINGS,2400,2815000,2024-12-19,ThreeFamily
3,01 ONE FAMILY DWELLINGS,1283,430000,2025-04-23,OneFamily
3,02 TWO FAMILY DWELLINGS,2000,995000,2025-10-09,TwoFamily
4,01 ONE FAMILY DWELLINGS,1472,1560000,2025-10-21,OneFamily
5,01 ONE FAMILY DWELLINGS,2992,1049000,2025-09-10,OneFamily
1,07 RENTALS - WALKUP APARTMENTS,6300,4750000,2025-05-05,WalkupApt
4,02 TWO FAMILY DWELLINGS,1544,1256000,2025-02-20,TwoFamily
5,01 ONE FAMILY DWELLINGS,1240,620000,2025-08-25,OneFamily
5,02 TWO FAMILY DWELLINGS,1493,495000,2025-08-08,TwoFamily
3,02 TWO FAMILY DWELLINGS,1952,3860000,2025-07-25,TwoFamily
3,03 THREE FAMILY DWELLINGS,1680,999990,2025-08-28,ThreeFamily
3,01 ONE FAMILY DWELLINGS,2295,2585000,2025-08-01,OneFamily
3,01 ONE FAMILY DWELLINGS,2295,2637500,2024-11-14,OneFamily
3,03 THREE FAMILY DWELLINGS,2400,3150000,2024-12-20,ThreeFamily
4,02 TWO FAMILY DWELLINGS,2040,942000,2025-10-23,TwoFamily
5,01 ONE FAMILY DWELLINGS,1305,550000,2025-05-07,OneFamily
2,01 ONE FAMILY DWELLINGS,1316,260500,2025-01-18,OneFamily
4,29 COMMERCIAL GARAGES,4395,5000000,2025-05-29,Commercial
3,02 TWO FAMILY DWELLINGS,1916,1370000,2025-05-30,TwoFamily
1,22 STORE BUILDINGS,3764,5000000,2025-08-18,Commercial
2,02 TWO FAMILY DWELLINGS,1728,650000,2025-06-24,TwoFamily
3,14 RENTALS - 4-10 UNIT,4800,7175000,2025-04-24,Other
4,02 TWO FAMILY DWELLINGS,2301,1290000,2025-05-09,TwoFamily
1,02 TWO FAMILY DWELLINGS,3619,2499995,2025-01-16,TwoFamily
1,02 TWO FAMILY DWELLINGS,3615,2750000,2025-02-21,TwoFamily
3,01 ONE FAMILY DWELLINGS,992,905000,2024-12-11,OneFamily
3,02 TWO FAMILY DWELLINGS,1188,1300000,2024-11-26,TwoFamily
4,02 TWO FAMILY DWELLINGS,2000,5300000,2025-01-29,TwoFamily
4,01 ONE FAMILY DWELLINGS,1496,455000,2025-03-31,OneFamily
4,01 ONE FAMILY DWELLINGS,1496,680000,2025-09-22,OneFamily
5,01 ONE FAMILY DWELLINGS,1088,635000,2025-03-19,OneFamily
5,01 ONE FAMILY DWELLINGS,1112,630000,2025-03-20,OneFamily
5,01 ONE FAMILY DWELLINGS,1088,635000,2025-07-09,OneFamily
5,01 ONE FAMILY DWELLINGS,1427,628000,2025-08-13,OneFamily
5,01 ONE FAMILY DWELLINGS,1280,390000,2024-11-29,OneFamily
3,02 TWO FAMILY DWELLINGS,2912,3450000,2025-07-31,TwoFamily
3,02 TWO FAMILY DWELLINGS,1992,1500000,2025-01-24,TwoFamily
1,37 RELIGIOUS FACILITIES,31797,48250000,2025-07-25,Other
4,02 TWO FAMILY DWELLINGS,1762,1488888,2025-10-17,TwoFamily
3,01 ONE FAMILY DWELLINGS,1648,850000,2025-05-13,OneFamily
5,01 ONE FAMILY DWELLINGS,1176,507751,2024-12-19,OneFamily
1,01 ONE FAMILY DWELLINGS,2880,4295000,2025-05-28,OneFamily
1,02 TWO FAMILY DWELLINGS,2880,4385000,2025-06-05,TwoFamily
1,03 THREE FAMILY DWELLINGS,3024,5275000,2024-12-16,ThreeFamily
3,03 THREE FAMILY DWELLINGS,3040,2090000,2025-09-09,ThreeFamily
1,37 RELIGIOUS FACILITIES,11588,9250000,2025-06-04,Other
3,02 TWO FAMILY DWELLINGS,1800,999343,2025-02-14,TwoFamily
3,02 TWO FAMILY DWELLINGS,4160,999343,2025-02-14,TwoFamily
3,02 TWO FAMILY DWELLINGS,2120,700000,2025-07-29,TwoFamily
5,01 ONE FAMILY DWELLINGS,2500,649000,2024-12-18,OneFamily
5,01 ONE FAMILY DWELLINGS,1000,450000,2024-12-18,OneFamily
5,01 ONE FAMILY DWELLINGS,1270,570000,2024-12-19,OneFamily
3,02 TWO FAMILY DWELLINGS,3460,1300000,2025-09-12,TwoFamily
3,07 RENTALS - WALKUP APARTMENTS,6500,6639875,2025-09-05,WalkupApt
1,35 INDOOR PUBLIC AND CULTURAL FACILITIES,50560,100000000,2024-11-01,Commercial
3,22 STORE BUILDINGS,2480,2045000,2025-09-12,Commercial
1,01 ONE FAMILY DWELLINGS,1008,6400000,2024-11-01,OneFamily
1,02 TWO FAMILY DWELLINGS,1398,8000000,2025-06-27,TwoFamily
2,07 RENTALS - WALKUP APARTMENTS,54200,3900000,2025-07-24,WalkupApt
5,01 ONE FAMILY DWELLINGS,4170,670970,2025-08-14,OneFamily
4,01 ONE FAMILY DWELLINGS,2417,1500000,2025-09-10,OneFamily
4,02 TWO FAMILY DWELLINGS,1422,700000,2025-02-11,TwoFamily
4,02 TWO FAMILY DWELLINGS,1422,1100000,2025-07-28,TwoFamily
5,01 ONE FAMILY DWELLINGS,1312,505000,2025-02-14,OneFamily
3,03 THREE FAMILY DWELLINGS,2220,3340000,2025-03-14,ThreeFamily
1,01 ONE FAMILY DWELLINGS,2853,5800000,2025-07-18,OneFamily
2,03 THREE FAMILY DWELLINGS,2460,950000,2024-12-23,ThreeFamily
2,01 ONE FAMILY DWELLINGS,1088,440000,2025-01-29,OneFamily
2,01 ONE FAMILY DWELLINGS,1088,699500,2025-09-29,OneFamily
3,03 THREE FAMILY DWELLINGS,2888,10670376,2025-06-13,ThreeFamily
3,01 ONE FAMILY DWELLINGS,1320,1050000,2025-06-25,OneFamily
3,01 ONE FAMILY DWELLINGS,960,525000,2025-01-02,OneFamily
3,01 ONE FAMILY DWELLINGS,960,975000,2025-09-29,OneFamily
3,02 TWO FAMILY DWELLINGS,1662,1975000,2025-07-24,TwoFamily
3,02 TWO FAMILY DWELLINGS,1948,2000000,2025-06-02,TwoFamily
3,01 ONE FAMILY DWELLINGS,983,665000,2025-09-08,OneFamily
3,02 TWO FAMILY DWELLINGS,2430,2800000,2024-12-30,TwoFamily
4,01 ONE FAMILY DWELLINGS,1179,675000,2025-02-28,OneFamily
4,02 TWO FAMILY DWELLINGS,1680,890000,2025-04-24,TwoFamily
5,01 ONE FAMILY DWELLINGS,1060,655000,2025-08-22,OneFamily
5,01 ONE FAMILY DWELLINGS,1300,560000,2025-02-05,OneFamily
5,01 ONE FAMILY DWELLINGS,1300,620000,2025-06-02,OneFamily
5,01 ONE FAMILY DWELLINGS,1140,575000,2025-08-12,OneFamily
5,01 ONE FAMILY DWELLINGS,1144,650000,2025-09-29,OneFamily
5,01 ONE FAMILY DWELLINGS,1144,536000,2025-02-21,OneFamily
5,01 ONE FAMILY DWELLINGS,1144,580000,2025-09-15,OneFamily
2,08 RENTALS - ELEVATOR APARTMENTS,58824,4947220,2025-05-16,ElevatorApt
2,01 ONE FAMILY DWELLINGS,1528,710000,2025-07-08,OneFamily
3,01 ONE FAMILY DWELLINGS,1750,1500000,2025-07-28,OneFamily
4,30 WAREHOUSES,8845,4500000,2025-08-15,Commercial
4,22 STORE BUILDINGS,21856,23400000,2025-04-25,Commercial
3,03 THREE FAMILY DWELLINGS,2436,692760,2025-03-14,ThreeFamily
2,27 FACTORIES,27425,6000000,2025-09-04,Commercial
3,02 TWO FAMILY DWELLINGS,2672,2900000,2025-07-29,TwoFamily
5,01 ONE FAMILY DWELLINGS,1400,635000,2025-07-23,OneFamily
3,02 TWO FAMILY DWELLINGS,1662,2787000,2025-02-13,TwoFamily
3,02 TWO FAMILY DWELLINGS,2190,2675000,2025-07-22,TwoFamily
3,02 TWO FAMILY DWELLINGS,1408,1040000,2025-02-18,TwoFamily
3,22 STORE BUILDINGS,3021,1900000,2025-08-11,Commercial
5,01 ONE FAMILY DWELLINGS,1050,625000,2025-01-27,OneFamily
5,01 ONE FAMILY DWELLINGS,1435,624000,2025-07-16,OneFamily
3,22 STORE BUILDINGS,58300,1000000,2024-12-20,Commercial
1,02 TWO FAMILY DWELLINGS,4136,6350000,2025-05-05,TwoFamily
5,01 ONE FAMILY DWELLINGS,1324,525000,2025-01-31,OneFamily
5,01 ONE FAMILY DWELLINGS,1600,605000,2024-12-05,OneFamily
5,01 ONE FAMILY DWELLINGS,1032,550000,2025-03-27,OneFamily
3,02 TWO FAMILY DWELLINGS,1839,1700000,2025-02-21,TwoFamily
4,01 ONE FAMILY DWELLINGS,1152,627500,2025-06-20,OneFamily
2,01 ONE FAMILY DWELLINGS,5183,2037300,2025-10-10,OneFamily
5,01 ONE FAMILY DWELLINGS,1410,641000,2025-05-23,OneFamily
2,01 ONE FAMILY DWELLINGS,763,545000,2025-07-31,OneFamily
2,07 RENTALS - WALKUP APARTMENTS,45500,2475000,2024-12-30,WalkupApt
5,01 ONE FAMILY DWELLINGS,3790,1450000,2025-07-15,OneFamily
2,01 ONE FAMILY DWELLINGS,1224,585000,2025-05-29,OneFamily
3,02 TWO FAMILY DWELLINGS,1560,740000,2024-12-03,TwoFamily
3,01 ONE FAMILY DWELLINGS,1922,1780000,2025-07-01,OneFamily
3,02 TWO FAMILY DWELLINGS,1662,2900000,2025-09-12,TwoFamily
2,01 ONE FAMILY DWELLINGS,2304,2550000,2025-05-13,OneFamily
1,22 STORE BUILDINGS,4800,650000,2024-12-20,Commercial
1,22 STORE BUILDINGS,1960,650000,2024-12-20,Commercial
1,21 OFFICE BUILDINGS,3982,3000000,2025-04-24,Commercial
2,02 TWO FAMILY DWELLINGS,1552,660000,2024-11-13,TwoFamily
3,02 TWO FAMILY DWELLINGS,1500,1100000,2025-07-08,TwoFamily
3,02 TWO FAMILY DWELLINGS,2352,5625000,2025-08-11,TwoFamily
3,02 TWO FAMILY DWELLINGS,2160,860000,2025-08-14,TwoFamily
3,03 THREE FAMILY DWELLINGS,2160,3259479,2025-07-17,ThreeFamily
4,02 TWO FAMILY DWELLINGS,1240,830000,2025-10-24,TwoFamily
4,22 STORE BUILDINGS,3340,1500000,2025-06-09,Commercial
4,01 ONE FAMILY DWELLINGS,1382,770000,2025-06-23,OneFamily
4,02 TWO FAMILY DWELLINGS,1298,820000,2025-07-18,TwoFamily
5,01 ONE FAMILY DWELLINGS,432,395000,2025-03-28,OneFamily
5,01 ONE FAMILY DWELLINGS,504,250000,2025-05-07,OneFamily
5,01 ONE FAMILY DWELLINGS,1305,615000,2025-03-05,OneFamily
2,07 RENTALS - WALKUP APARTMENTS,37740,3800000,2025-04-22,WalkupApt
4,08 RENTALS - ELEVATOR APARTMENTS,57457,11500000,2025-08-07,ElevatorApt
4,30 WAREHOUSES,13850,10160141,2025-08-05,Commercial
5,01 ONE FAMILY DWELLINGS,500,364894,2025-07-02,OneFamily
3,02 TWO FAMILY DWELLINGS,1237,1200000,2024-11-27,TwoFamily
3,07 RENTALS - WALKUP APARTMENTS,3940,1815000,2025-05-15,WalkupApt
3,01 ONE FAMILY DWELLINGS,1072,800000,2025-04-07,OneFamily
4,03 THREE FAMILY DWELLINGS,3500,1550000,2025-03-19,ThreeFamily
4,01 ONE FAMILY DWELLINGS,730,599000,2025-05-14,OneFamily
5,01 ONE FAMILY DWELLINGS,3020,1060000,2025-01-16,OneFamily
2,01 ONE FAMILY DWELLINGS,1355,625000,2025-02-28,OneFamily
3,29 COMMERCIAL GARAGES,1028,500000,2024-11-01,Commercial
3,01 ONE FAMILY DWELLINGS,1680,655000,2025-02-25,OneFamily
3,01 ONE FAMILY DWELLINGS,978,990000,2025-10-21,OneFamily
5,01 ONE FAMILY DWELLINGS,1678,650000,2025-05-30,OneFamily
3,07 RENTALS - WALKUP APARTMENTS,3000,4165250,2025-02-28,WalkupApt
3,07 RENTALS - WALKUP APARTMENTS,3000,4165250,2025-02-28,WalkupApt
4,01 ONE FAMILY DWELLINGS,864,588000,2025-06-30,OneFamily
4,01 ONE FAMILY DWELLINGS,963,410000,2025-02-27,OneFamily
5,01 ONE FAMILY DWELLINGS,1570,630000,2025-07-18,OneFamily
3,01 ONE FAMILY DWELLINGS,1262,980000,2025-10-27,OneFamily
3,08 RENTALS - ELEVATOR APARTMENTS,108501,176073,2025-04-30,ElevatorApt
1,07 RENTALS - WALKUP APARTMENTS,1330,1650000,2025-01-30,WalkupApt
5,01 ONE FAMILY DWELLINGS,1120,465000,2024-12-30,OneFamily
1,21 OFFICE BUILDINGS,234846,75250000,2025-01-16,Commercial
3,02 TWO FAMILY DWELLINGS,2415,1021100,2025-07-16,TwoFamily
3,02 TWO FAMILY DWELLINGS,2700,3265000,2025-04-29,TwoFamily
4,01 ONE FAMILY DWELLINGS,1741,910000,2025-07-16,OneFamily
3,02 TWO FAMILY DWELLINGS,2432,2850000,2025-04-03,TwoFamily
3,03 THREE FAMILY DWELLINGS,2458,2040000,2025-06-06,ThreeFamily
3,02 TWO FAMILY DWELLINGS,2001,950000,2025-07-30,TwoFamily
3,02 TWO FAMILY DWELLINGS,2392,3295000,2025-01-06,TwoFamily
3,03 THREE FAMILY DWELLINGS,2838,682000,2025-03-10,ThreeFamily
3,02 TWO FAMILY DWELLINGS,1365,1280000,2025-06-30,TwoFamily
4,01 ONE FAMILY DWELLINGS,1308,654500,2025-08-04,OneFamily
5,01 ONE FAMILY DWELLINGS,1290,580000,2024-11-15,OneFamily
5,01 ONE FAMILY DWELLINGS,1140,549900,2025-08-21,OneFamily
3,22 STORE BUILDINGS,3400,2225000,2025-05-06,Commercial
2,02 TWO FAMILY DWELLINGS,1566,685000,2024-12-12,TwoFamily
4,02 TWO FAMILY DWELLINGS,3600,5300000,2025-02-06,TwoFamily
5,01 ONE FAMILY DWELLINGS,953,495000,2025-03-24,OneFamily
5,01 ONE FAMILY DWELLINGS,1056,485000,2025-03-13,OneFamily
5,01 ONE FAMILY DWELLINGS,1176,570000,2025-03-12,OneFamily
3,02 TWO FAMILY DWELLINGS,1600,2850000,2024-12-10,TwoFamily
3,02 TWO FAMILY DWELLINGS,900,1600000,2025-08-27,TwoFamily
2,21 OFFICE BUILDINGS,5805,1770000,2025-01-02,Commercial
5,01 ONE FAMILY DWELLINGS,4615,1955000,2025-04-30,OneFamily
2,02 TWO FAMILY DWELLINGS,1528,845000,2025-03-31,TwoFamily
3,02 TWO FAMILY DWELLINGS,3690,1800000,2025-03-05,TwoFamily
4,01 ONE FAMILY DWELLINGS,2600,900000,2025-01-30,OneFamily
1,01 ONE FAMILY DWELLINGS,3400,2825000,2025-05-15,OneFamily
2,01 ONE FAMILY DWELLINGS,1232,795000,2025-03-31,OneFamily
4,01 ONE FAMILY DWELLINGS,1344,500000,2024-11-15,OneFamily
3,01 ONE FAMILY DWELLINGS,1176,732500,2025-08-27,OneFamily
2,03 THREE FAMILY DWELLINGS,2050,850000,2025-07-24,ThreeFamily
4,01 ONE FAMILY DWELLINGS,942,875000,2025-06-27,OneFamily
4,22 STORE BUILDINGS,19000,6750000,2025-04-09,Commercial
5,02 TWO FAMILY DWELLINGS,4550,775000,2024-11-18,TwoFamily
2,03 THREE FAMILY DWELLINGS,2931,954500,2025-07-10,ThreeFamily
2,07 RENTALS - WALKUP APARTMENTS,55084,4500000,2024-11-14,WalkupApt
3,02 TWO FAMILY DWELLINGS,1880,800000,2025-02-18,TwoFamily
1,02 TWO FAMILY DWELLINGS,2664,2800000,2025-09-26,TwoFamily
2,01 ONE FAMILY DWELLINGS,1224,665000,2025-05-16,OneFamily
2,01 ONE FAMILY DWELLINGS,1224,415000,2025-01-09,OneFamily
2,01 ONE FAMILY DWELLINGS,1224,690000,2024-12-30,OneFamily
3,01 ONE FAMILY DWELLINGS,1080,1295000,2025-09-15,OneFamily
3,01 ONE FAMILY DWELLINGS,2064,3325000,2025-10-10,OneFamily
3,07 RENTALS - WALKUP APARTMENTS,3240,1700000,2025-06-09,WalkupApt
3,03 THREE FAMILY DWELLINGS,3144,2500000,2024-12-03,ThreeFamily
3,01 ONE FAMILY DWELLINGS,1116,430000,2025-08-07,OneFamily
3,01 ONE FAMILY DWELLINGS,1164,203810,2025-02-17,OneFamily
3,01 ONE FAMILY DWELLINGS,1188,875000,2025-07-17,OneFamily
3,14 RENTALS - 4-10 UNIT,4504,24000000,2025-09-18,Other
3,14 RENTALS - 4-10 UNIT,4504,24000000,2025-09-18,Other
4,01 ONE FAMILY DWELLINGS,974,575000,2024-11-21,OneFamily
4,01 ONE FAMILY DWELLINGS,2052,1400000,2025-08-28,OneFamily
4,01 ONE FAMILY DWELLINGS,732,515000,2025-05-30,OneFamily
4,01 ONE FAMILY DWELLINGS,810,365000,2025-02-10,OneFamily
4,01 ONE FAMILY DWELLINGS,756,637128,2024-11-25,OneFamily
4,02 TWO FAMILY DWELLINGS,2112,650000,2025-01-27,TwoFamily
4,01 ONE FAMILY DWELLINGS,1468,615000,2025-05-30,OneFamily
4,02 TWO FAMILY DWELLINGS,1232,590000,2025-01-21,TwoFamily
5,01 ONE FAMILY DWELLINGS,1080,588000,2025-03-07,OneFamily
5,01 ONE FAMILY DWELLINGS,1200,600000,2025-06-10,OneFamily
5,01 ONE FAMILY DWELLINGS,1140,390000,2025-04-10,OneFamily
5,01 ONE FAMILY DWELLINGS,1140,600000,2025-09-03,OneFamily
5,01 ONE FAMILY DWELLINGS,1060,525000,2025-09-03,OneFamily
5,01 ONE FAMILY DWELLINGS,1060,135000,2025-03-31,OneFamily
1,08 RENTALS - ELEVATOR APARTMENTS,210305,93900000,2025-05-14,ElevatorApt
4,01 ONE FAMILY DWELLINGS,2372,1900000,2025-09-10,OneFamily
5,22 STORE BUILDINGS,6095,4000000,2024-12-17,Commercial
3,02 TWO FAMILY DWELLINGS,3680,4225000,2025-08-14,TwoFamily
2,21 OFFICE BUILDINGS,2360,1200000,2025-10-03,Commercial
4,01 ONE FAMILY DWELLINGS,1300,630000,2025-08-05,OneFamily
3,14 RENTALS - 4-10 UNIT,3040,1340000,2024-11-04,Other
3,03 THREE FAMILY DWELLINGS,1875,2500000,2025-09-29,ThreeFamily
4,01 ONE FAMILY DWELLINGS,934,371000,2025-08-08,OneFamily
4,01 ONE FAMILY DWELLINGS,736,600000,2025-09-30,OneFamily
5,01 ONE FAMILY DWELLINGS,1008,353886,2025-04-17,OneFamily
5,01 ONE FAMILY DWELLINGS,1008,540000,2025-06-06,OneFamily
1,22 STORE BUILDINGS,5134,5426000,2025-04-08,Commercial
1,22 STORE BUILDINGS,4386,5426000,2025-04-08,Commercial
1,22 STORE BUILDINGS,5490,62588500,2025-10-21,Commercial
3,02 TWO FAMILY DWELLINGS,2520,2600000,2024-12-11,TwoFamily
3,02 TWO FAMILY DWELLINGS,1920,1000000,2024-11-13,TwoFamily
3,01 ONE FAMILY DWELLINGS,1120,615000,2025-08-08,OneFamily
3,02 TWO FAMILY DWELLINGS,1836,1750000,2025-10-16,TwoFamily
3,01 ONE FAMILY DWELLINGS,1092,626000,2025-02-19,OneFamily
3,01 ONE FAMILY DWELLINGS,1792,1900000,2025-04-02,OneFamily
5,01 ONE FAMILY DWELLINGS,1112,595000,2025-05-28,OneFamily
5,01 ONE FAMILY DWELLINGS,1300,400000,2025-03-31,OneFamily
3,01 ONE FAMILY DWELLINGS,1344,925000,2025-03-25,OneFamily
4,01 ONE FAMILY DWELLINGS,2480,2100000,2025-08-06,OneFamily
4,07 RENTALS - WALKUP APARTMENTS,15400,599152,2025-09-29,WalkupApt
1,14 RENTALS - 4-10 UNIT,4196,1500000,2024-12-11,Other
5,01 ONE FAMILY DWELLINGS,1240,580000,2025-01-30,OneFamily
4,02 TWO FAMILY DWELLINGS,3492,1225000,2024-12-12,TwoFamily
4,14 RENTALS - 4-10 UNIT,3456,1275000,2024-11-08,Other
1,01 ONE FAMILY DWELLINGS,3525,7700000,2025-02-03,OneFamily
3,02 TWO FAMILY DWELLINGS,3800,2500000,2025-09-04,TwoFamily
3,02 TWO FAMILY DWELLINGS,3211,2115000,2025-07-18,TwoFamily
3,07 RENTALS - WALKUP APARTMENTS,3218,4350000,2025-03-17,WalkupApt
3,02 TWO FAMILY DWELLINGS,2730,3090000,2025-08-07,TwoFamily
5,01 ONE FAMILY DWELLINGS,1319,680000,2025-07-18,OneFamily
