borough,neighborhood,building_class_category,land_square_feet,gross_square_feet,sale_price,sale_date
1,HARLEM-UPPER,11 SPECIAL CONDO BILLING LOTS,0,14659,375000,2025-02-10T00:00:00.000
1,MIDTOWN EAST,11 SPECIAL CONDO BILLING LOTS,0,2446,3890000,2025-01-23T00:00:00.000
1,MIDTOWN EAST,11 SPECIAL CONDO BILLING LOTS,0,4321,8500000,2025-01-31T00:00:00.000
3,DOWNTOWN-FULTON MALL,11 SPECIAL CONDO BILLING LOTS,0,129410,112800000,2024-11-14T00:00:00.000
3,WILLIAMSBURG-SOUTH,11 SPECIAL CONDO BILLING LOTS,0,89603,72600000,2025-07-24T00:00:00.000
3,CYPRESS HILLS,05 TAX CLASS 1 VACANT LAND,100,0,854392,2024-11-19T00:00:00.000
4,HOWARD BEACH,05 TAX CLASS 1 VACANT LAND,100,0,1020000,2025-02-11T00:00:00.000
2,MOTT HAVEN/PORT MORRIS,02 TWO FAMILY DWELLINGS,"1,000",2507,729000,2025-01-17T00:00:00.000
2,MOTT HAVEN/PORT MORRIS,03 THREE FAMILY DWELLINGS,"1,000",2280,707000,2025-01-17T00:00:00.000
2,MOTT HAVEN/PORT MORRIS,03 THREE FAMILY DWELLINGS,"1,000",2280,707000,2025-01-17T00:00:00.000
2,MOTT HAVEN/PORT MORRIS,03 THREE FAMILY DWELLINGS,"1,000",2280,707000,2025-01-17T00:00:00.000
3,BEDFORD STUYVESANT,02 TWO FAMILY DWELLINGS,"1,000",3013,1635000,2025-07-07T00:00:00.000
3,BOERUM HILL,01 ONE FAMILY DWELLINGS,"1,000",2304,4800000,2025-04-09T00:00:00.000
3,BOERUM HILL,41 TAX CLASS 4 - OTHER,"1,000",0,1600000,2025-09-04T00:00:00.000
3,BRIGHTON BEACH,05 TAX CLASS 1 VACANT LAND,"1,000",0,1220000,2025-04-03T00:00:00.000
3,CARROLL GARDENS,14 RENTALS - 4-10 UNIT,"1,000",4092,3700000,2024-11-04T00:00:00.000
3,CYPRESS HILLS,01 ONE FAMILY DWELLINGS,"1,000",1320,500000,2025-10-24T00:00:00.000
3,EAST NEW YORK,01 ONE FAMILY DWELLINGS,"1,000",1800,600000,2025-10-06T00:00:00.000
3,GOWANUS,02 TWO FAMILY DWELLINGS,"1,000",3000,1135273,2025-01-28T00:00:00.000
3,RED HOOK,31 COMMERCIAL VACANT LAND,"1,000",0,510000,2025-07-02T00:00:00.000
3,SUNSET PARK,01 ONE FAMILY DWELLINGS,"1,000",960,825000,2025-02-13T00:00:00.000
3,WILLIAMSBURG-EAST,01 ONE FAMILY DWELLINGS,"1,000",1000,1825000,2025-08-22T00:00:00.000
4,BELLEROSE,01 ONE FAMILY DWELLINGS,"1,000",960,645000,2025-02-03T00:00:00.000
4,BELLEROSE,05 TAX CLASS 1 VACANT LAND,"1,000",0,999000,2025-10-03T00:00:00.000
4,CORONA,05 TAX CLASS 1 VACANT LAND,"1,000",0,1660000,2024-12-17T00:00:00.000
4,HOLLIS,05 TAX CLASS 1 VACANT LAND,"1,000",0,825000,2025-07-03T00:00:00.000
4,JACKSON HEIGHTS,05 TAX CLASS 1 VACANT LAND,"1,000",0,2140000,2024-12-20T00:00:00.000
4,LITTLE NECK,06 TAX CLASS 1 - OTHER,"1,000",0,387000,2025-09-15T00:00:00.000
4,OZONE PARK,31 COMMERCIAL VACANT LAND,"1,000",0,1950000,2025-03-11T00:00:00.000
4,SOUTH JAMAICA,05 TAX CLASS 1 VACANT LAND,"1,000",0,642969,2024-11-11T00:00:00.000
5,CLOVE LAKES,05 TAX CLASS 1 VACANT LAND,"1,000",0,960000,2025-07-17T00:00:00.000
1,INWOOD,08 RENTALS - ELEVATOR APARTMENTS,"10,000",42108,6300000,2025-08-14T00:00:00.000
1,WASHINGTON HEIGHTS LOWER,08 RENTALS - ELEVATOR APARTMENTS,"10,000",47988,5850000,2025-08-01T00:00:00.000
2,BAYCHESTER,05 TAX CLASS 1 VACANT LAND,"10,000",0,1525000,2025-06-20T00:00:00.000
2,BAYCHESTER,05 TAX CLASS 1 VACANT LAND,"10,000",0,2700000,2025-07-18T00:00:00.000
2,BAYCHESTER,05 TAX CLASS 1 VACANT LAND,"10,000",0,1525000,2025-06-20T00:00:00.000
2,BAYCHESTER,05 TAX CLASS 1 VACANT LAND,"10,000",0,2700000,2025-07-18T00:00:00.000
2,BEDFORD PARK/NORWOOD,08 RENTALS - ELEVATOR APARTMENTS,"10,000",44916,3870490,2025-05-16T00:00:00.000
2,BEDFORD PARK/NORWOOD,08 RENTALS - ELEVATOR APARTMENTS,"10,000",50400,4243200,2025-05-16T00:00:00.000
2,BEDFORD PARK/NORWOOD,22 STORE BUILDINGS,"10,000",10000,4500000,2025-02-10T00:00:00.000
2,BRONXDALE,07 RENTALS - WALKUP APARTMENTS,"10,000",48800,3600000,2025-04-10T00:00:00.000
2,CITY ISLAND,01 ONE FAMILY DWELLINGS,"10,000",2834,426459,2024-11-15T00:00:00.000
2,CROTONA PARK,07 RENTALS - WALKUP APARTMENTS,"10,000",36300,1325000,2025-08-11T00:00:00.000
2,CROTONA PARK,29 COMMERCIAL GARAGES,"10,000",10000,6000000,2025-06-25T00:00:00.000
2,FORDHAM,07 RENTALS - WALKUP APARTMENTS,"10,000",40075,32333419,2025-06-30T00:00:00.000
2,MORRISANIA/LONGWOOD,22 STORE BUILDINGS,"10,000",8327,3875000,2025-09-30T00:00:00.000
2,MOTT HAVEN/PORT MORRIS,27 FACTORIES,"10,000",16205,4500000,2025-03-19T00:00:00.000
2,SOUNDVIEW,07 RENTALS - WALKUP APARTMENTS,"10,000",36500,4050000,2025-03-19T00:00:00.000
2,THROGS NECK,22 STORE BUILDINGS,"10,000",15600,1850000,2025-10-15T00:00:00.000
2,WILLIAMSBRIDGE,22 STORE BUILDINGS,"10,000",10000,8000000,2025-09-11T00:00:00.000
3,BAY RIDGE,22 STORE BUILDINGS,"10,000",20000,6714284,2025-07-31T00:00:00.000
3,BENSONHURST,29 COMMERCIAL GARAGES,"10,000",4910,4500000,2025-01-07T00:00:00.000
3,BROWNSVILLE,22 STORE BUILDINGS,"10,000",10000,6235000,2025-10-22T00:00:00.000
3,BUSHWICK,29 COMMERCIAL GARAGES,"10,000",0,6000000,2025-07-21T00:00:00.000
3,CLINTON HILL,33 EDUCATIONAL FACILITIES,"10,000",25000,2100000,2025-06-26T00:00:00.000
3,EAST NEW YORK,27 FACTORIES,"10,000",8300,1395000,2025-10-24T00:00:00.000
3,EAST NEW YORK,35 INDOOR PUBLIC AND CULTURAL FACILITIES,"10,000",6378,3200000,2025-02-21T00:00:00.000
3,FLATBUSH-CENTRAL,07 RENTALS - WALKUP APARTMENTS,"10,000",32800,2300000,2025-08-14T00:00:00.000
3,FLATBUSH-LEFFERTS GARDEN,22 STORE BUILDINGS,"10,000",8600,5250000,2025-07-09T00:00:00.000
3,MADISON,01 ONE FAMILY DWELLINGS,"10,000",2976,950000,2024-12-17T00:00:00.000
3,MARINE PARK,07 RENTALS - WALKUP APARTMENTS,"10,000",6516,7360000,2025-05-30T00:00:00.000
3,SEAGATE,03 THREE FAMILY DWELLINGS,"10,000",3060,850000,2025-07-30T00:00:00.000
3,SHEEPSHEAD BAY,22 STORE BUILDINGS,"10,000",6200,2000000,2025-08-28T00:00:00.000
4,ARVERNE,41 TAX CLASS 4 - OTHER,"10,000",0,500000,2025-10-16T00:00:00.000
4,BAYSIDE,01 ONE FAMILY DWELLINGS,"10,000",1600,2100000,2024-12-09T00:00:00.000
4,BAYSIDE,07 RENTALS - WALKUP APARTMENTS,"10,000",3840,2150000,2025-01-17T00:00:00.000
4,COLLEGE POINT,30 WAREHOUSES,"10,000",5950,4118000,2025-09-17T00:00:00.000
4,DOUGLASTON,01 ONE FAMILY DWELLINGS,"10,000",1678,1400000,2025-01-20T00:00:00.000
4,DOUGLASTON,01 ONE FAMILY DWELLINGS,"10,000",2039,1215000,2024-11-25T00:00:00.000
4,FLORAL PARK,01 ONE FAMILY DWELLINGS,"10,000",1460,1400000,2025-07-29T00:00:00.000
4,FLORAL PARK,06 TAX CLASS 1 - OTHER,"10,000",0,1500000,2025-07-14T00:00:00.000
4,GLENDALE,29 COMMERCIAL GARAGES,"10,000",3000,4950000,2025-04-15T00:00:00.000
4,HOLLISWOOD,01 ONE FAMILY DWELLINGS,"10,000",2203,999000,2025-09-29T00:00:00.000
4,HOWARD BEACH,01 ONE FAMILY DWELLINGS,"10,000",4725,2900000,2025-02-06T00:00:00.000
4,JACKSON HEIGHTS,21 OFFICE BUILDINGS,"10,000",27324,11360260,2025-03-04T00:00:00.000
4,JACKSON HEIGHTS,22 STORE BUILDINGS,"10,000",10000,6800000,2024-11-04T00:00:00.000
4,JACKSON HEIGHTS,22 STORE BUILDINGS,"10,000",450,6800000,2024-11-04T00:00:00.000
4,JACKSON HEIGHTS,22 STORE BUILDINGS,"10,000",1900,3700000,2025-08-25T00:00:00.000
4,LONG ISLAND CITY,29 COMMERCIAL GARAGES,"10,000",10000,3950000,2025-03-13T00:00:00.000
4,LONG ISLAND CITY,29 COMMERCIAL GARAGES,"10,000",7000,4232500,2025-05-15T00:00:00.000
4,LONG ISLAND CITY,30 WAREHOUSES,"10,000",4000,3915000,2024-12-11T00:00:00.000
4,LONG ISLAND CITY,33 EDUCATIONAL FACILITIES,"10,000",20000,12000000,2025-05-21T00:00:00.000
4,REGO PARK,22 STORE BUILDINGS,"10,000",9600,5205000,2025-02-13T00:00:00.000
4,ROCKAWAY PARK,07 RENTALS - WALKUP APARTMENTS,"10,000",5040,156000,2025-03-19T00:00:00.000
4,SUNNYSIDE,07 RENTALS - WALKUP APARTMENTS,"10,000",35000,9500000,2025-06-26T00:00:00.000
4,WOODSIDE,27 FACTORIES,"10,000",2906,2600000,2024-12-12T00:00:00.000
5,ANNADALE,01 ONE FAMILY DWELLINGS,"10,000",3904,1350000,2025-03-12T00:00:00.000
5,ANNADALE,02 TWO FAMILY DWELLINGS,"10,000",2375,800000,2025-08-27T00:00:00.000
5,ANNADALE,05 TAX CLASS 1 VACANT LAND,"10,000",0,828000,2025-02-04T00:00:00.000
5,BULLS HEAD,22 STORE BUILDINGS,"10,000",1974,1775000,2025-08-05T00:00:00.000
5,DONGAN HILLS-COLONY,01 ONE FAMILY DWELLINGS,"10,000",5880,1944000,2025-01-31T00:00:00.000
5,DONGAN HILLS-COLONY,01 ONE FAMILY DWELLINGS,"10,000",1650,1150000,2025-03-20T00:00:00.000
5,ELTINGVILLE,01 ONE FAMILY DWELLINGS,"10,000",4953,2099999,2024-12-11T00:00:00.000
5,ELTINGVILLE,07 RENTALS - WALKUP APARTMENTS,"10,000",5440,2175000,2025-05-20T00:00:00.000
5,HUGUENOT,01 ONE FAMILY DWELLINGS,"10,000",2696,1700000,2024-11-22T00:00:00.000
5,HUGUENOT,02 TWO FAMILY DWELLINGS,"10,000",3504,1180000,2025-08-05T00:00:00.000
5,NEW BRIGHTON,07 RENTALS - WALKUP APARTMENTS,"10,000",5516,1250000,2024-12-31T00:00:00.000
5,PRINCES BAY,02 TWO FAMILY DWELLINGS,"10,000",2976,1150000,2025-03-21T00:00:00.000
5,RICHMONDTOWN,01 ONE FAMILY DWELLINGS,"10,000",3600,1400000,2025-04-03T00:00:00.000
5,RICHMONDTOWN,01 ONE FAMILY DWELLINGS,"10,000",2352,975000,2025-07-11T00:00:00.000
5,ROSSVILLE,01 ONE FAMILY DWELLINGS,"10,000",4752,1350000,2025-10-24T00:00:00.000
5,ROSSVILLE,02 TWO FAMILY DWELLINGS,"10,000",2832,1220000,2025-03-21T00:00:00.000
5,ROSSVILLE,02 TWO FAMILY DWELLINGS,"10,000",2832,1270000,2024-12-16T00:00:00.000
5,ROSSVILLE,02 TWO FAMILY DWELLINGS,"10,000",6108,1875000,2024-11-08T00:00:00.000
5,SILVER LAKE,01 ONE FAMILY DWELLINGS,"10,000",1672,1195000,2025-02-19T00:00:00.000
5,TODT HILL,01 ONE FAMILY DWELLINGS,"10,000",1950,820000,2024-12-05T00:00:00.000
5,TODT HILL,01 ONE FAMILY DWELLINGS,"10,000",3144,2200000,2025-04-23T00:00:00.000
5,TOTTENVILLE,01 ONE FAMILY DWELLINGS,"10,000",1428,650000,2024-11-13T00:00:00.000
5,WOODROW,01 ONE FAMILY DWELLINGS,"10,000",2452,1125000,2025-04-01T00:00:00.000
5,WOODROW,01 ONE FAMILY DWELLINGS,"10,000",1300,1200000,2025-07-29T00:00:00.000
5,WOODROW,02 TWO FAMILY DWELLINGS,"10,000",4192,1399000,2025-07-03T00:00:00.000
5,WOODROW,02 TWO FAMILY DWELLINGS,"10,000",3000,980000,2025-09-18T00:00:00.000
5,WOODROW,02 TWO FAMILY DWELLINGS,"10,000",2940,1075000,2024-12-23T00:00:00.000
2,SCHUYLERVILLE/PELHAM BAY,07 RENTALS - WALKUP APARTMENTS,"10,003",25412,2700000,2025-07-15T00:00:00.000
4,NEPONSIT,01 ONE FAMILY DWELLINGS,"10,005",4755,1700000,2025-04-02T00:00:00.000
3,EAST NEW YORK,29 COMMERCIAL GARAGES,"10,006",0,10750000,2025-08-01T00:00:00.000
2,MORRISANIA/LONGWOOD,21 OFFICE BUILDINGS,"10,008",28000,24000000,2024-12-12T00:00:00.000
3,DYKER HEIGHTS,01 ONE FAMILY DWELLINGS,"1,001",1080,740000,2024-11-08T00:00:00.000
2,PELHAM PARKWAY SOUTH,22 STORE BUILDINGS,"10,017",13800,4650000,2025-02-20T00:00:00.000
3,BOROUGH PARK,30 WAREHOUSES,"10,018",25420,10990000,2025-03-25T00:00:00.000
4,LONG ISLAND CITY,30 WAREHOUSES,"10,020",9900,26839859,2025-08-05T00:00:00.000
4,WHITESTONE,05 TAX CLASS 1 VACANT LAND,"10,023",0,2600000,2024-12-17T00:00:00.000
4,DOUGLASTON,01 ONE FAMILY DWELLINGS,"10,024",2310,2800000,2025-05-22T00:00:00.000
1,MIDTOWN WEST,21 OFFICE BUILDINGS,"10,041",88722,67223960,2025-01-08T00:00:00.000
1,CLINTON,26 OTHER HOTELS,"10,042",153363,57789019,2024-12-12T00:00:00.000
5,GRYMES HILL,01 ONE FAMILY DWELLINGS,"10,046",1080,760000,2025-03-03T00:00:00.000
4,RIDGEWOOD,02 TWO FAMILY DWELLINGS,"1,005",2980,5300000,2025-02-06T00:00:00.000
5,ROSSVILLE,01 ONE FAMILY DWELLINGS,"1,005",930,510000,2025-05-19T00:00:00.000
5,PRINCES BAY,02 TWO FAMILY DWELLINGS,"10,050",5197,1782000,2024-11-25T00:00:00.000
5,TOTTENVILLE,01 ONE FAMILY DWELLINGS,"10,050",1000,750000,2025-06-02T00:00:00.000
5,WEST NEW BRIGHTON,30 WAREHOUSES,"10,053",6741,4900000,2025-10-03T00:00:00.000
1,WASHINGTON HEIGHTS LOWER,07 RENTALS - WALKUP APARTMENTS,"10,058",36295,8750000,2025-04-03T00:00:00.000
3,MIDWOOD,01 ONE FAMILY DWELLINGS,"1,006",976,550000,2025-07-18T00:00:00.000
5,PLEASANT PLAINS,01 ONE FAMILY DWELLINGS,"10,062",688,795000,2025-04-25T00:00:00.000
4,CORONA,29 COMMERCIAL GARAGES,"1,007",1000,110000,2024-11-05T00:00:00.000
3,CROWN HEIGHTS,03 THREE FAMILY DWELLINGS,"1,008",2600,1525000,2025-02-05T00:00:00.000
3,PROSPECT HEIGHTS,02 TWO FAMILY DWELLINGS,"1,008",2352,1507051,2025-09-11T00:00:00.000
4,QUEENS VILLAGE,01 ONE FAMILY DWELLINGS,"1,008",1528,632000,2025-07-24T00:00:00.000
5,ELTINGVILLE,01 ONE FAMILY DWELLINGS,"1,008",2001,610000,2025-07-21T00:00:00.000
4,HOLLIS HILLS,01 ONE FAMILY DWELLINGS,"10,080",1959,1375000,2025-05-01T00:00:00.000
3,BERGEN BEACH,01 ONE FAMILY DWELLINGS,"10,100",1834,1500000,2025-07-23T00:00:00.000
2,FIELDSTON,01 ONE FAMILY DWELLINGS,"10,118",3936,2000000,2025-10-03T00:00:00.000
4,SO. JAMAICA-BAISLEY PARK,05 TAX CLASS 1 VACANT LAND,"1,013",0,585000,2024-11-07T00:00:00.000
5,TOMPKINSVILLE,02 TWO FAMILY DWELLINGS,"1,013",1494,495000,2025-08-08T00:00:00.000
2,CROTONA PARK,29 COMMERCIAL GARAGES,"10,130",7675,3143325,2025-09-25T00:00:00.000
4,MASPETH,31 COMMERCIAL VACANT LAND,"1,014",0,3000000,2025-06-05T00:00:00.000
5,MIDLAND BEACH,01 ONE FAMILY DWELLINGS,"1,014",1480,525000,2025-08-19T00:00:00.000
1,SOHO,21 OFFICE BUILDINGS,"10,143",120592,7435000,2025-08-01T00:00:00.000
4,DOUGLASTON,01 ONE FAMILY DWELLINGS,"10,149",1750,1440000,2025-04-11T00:00:00.000
2,MOUNT HOPE/MOUNT EDEN,30 WAREHOUSES,"10,153",8375,1900000,2025-05-06T00:00:00.000
4,HOLLIS,21 OFFICE BUILDINGS,"10,164",3530,2000000,2025-05-28T00:00:00.000
5,ARROCHAR,01 ONE FAMILY DWELLINGS,"1,017",1176,635000,2025-03-25T00:00:00.000
4,DOUGLASTON,01 ONE FAMILY DWELLINGS,"10,170",1852,1190000,2025-04-14T00:00:00.000
2,RIVERDALE,01 ONE FAMILY DWELLINGS,"10,179",2950,2120000,2025-05-16T00:00:00.000
4,FOREST HILLS,22 STORE BUILDINGS,"10,199",7900,4000000,2025-07-16T00:00:00.000
4,ASTORIA,30 WAREHOUSES,"10,200",9800,5000000,2025-07-07T00:00:00.000
4,FLUSHING-NORTH,22 STORE BUILDINGS,"10,200",10160,9000000,2025-05-22T00:00:00.000
3,BAY RIDGE,01 ONE FAMILY DWELLINGS,"1,021",910,825000,2025-02-13T00:00:00.000
5,ELTINGVILLE,01 ONE FAMILY DWELLINGS,"1,021",1474,550000,2025-06-03T00:00:00.000
2,SCHUYLERVILLE/PELHAM BAY,08 RENTALS - ELEVATOR APARTMENTS,"10,213",38250,4238870,2025-05-16T00:00:00.000
5,ROSSVILLE,02 TWO FAMILY DWELLINGS,"10,224",3400,1200000,2025-08-27T00:00:00.000
5,ROSSVILLE,01 ONE FAMILY DWELLINGS,"10,230",3970,600000,2024-12-26T00:00:00.000
5,EMERSON HILL,05 TAX CLASS 1 VACANT LAND,"10,235",0,1600000,2025-08-08T00:00:00.000
3,PARK SLOPE,01 ONE FAMILY DWELLINGS,"1,024",992,875000,2025-10-21T00:00:00.000
5,MARINERS HARBOR,02 TWO FAMILY DWELLINGS,"10,240",1637,725000,2024-11-13T00:00:00.000
4,BAYSIDE,01 ONE FAMILY DWELLINGS,"10,246",2790,1830000,2025-03-03T00:00:00.000
2,MOUNT HOPE/MOUNT EDEN,07 RENTALS - WALKUP APARTMENTS,"10,250",37960,6300000,2025-01-29T00:00:00.000
1,CHELSEA,07 RENTALS - WALKUP APARTMENTS,"1,026",4788,4810000,2025-01-03T00:00:00.000
5,ANNADALE,02 TWO FAMILY DWELLINGS,"10,261",4280,1103783,2025-08-28T00:00:00.000
3,BROOKLYN HEIGHTS,29 COMMERCIAL GARAGES,"10,284",9800,3750000,2025-09-26T00:00:00.000
1,WASHINGTON HEIGHTS UPPER,08 RENTALS - ELEVATOR APARTMENTS,"10,300",39578,5900000,2025-05-15T00:00:00.000
2,BRONXDALE,08 RENTALS - ELEVATOR APARTMENTS,"10,300",47886,5500000,2024-11-15T00:00:00.000
4,FAR ROCKAWAY,30 WAREHOUSES,"10,300",9600,3250000,2024-11-21T00:00:00.000
5,GRYMES HILL,01 ONE FAMILY DWELLINGS,"10,300",8950,912000,2025-03-20T00:00:00.000
5,HUGUENOT,01 ONE FAMILY DWELLINGS,"10,300",3768,637500,2025-02-03T00:00:00.000
2,FIELDSTON,01 ONE FAMILY DWELLINGS,"10,311",2635,1700000,2024-11-01T00:00:00.000
2,FORDHAM,08 RENTALS - ELEVATOR APARTMENTS,"10,316",36000,3350000,2025-02-26T00:00:00.000
3,BATH BEACH,29 COMMERCIAL GARAGES,"10,320",2348,4600000,2024-12-06T00:00:00.000
4,JAMAICA,22 STORE BUILDINGS,"10,320",13005,4350000,2025-02-26T00:00:00.000
2,MOUNT HOPE/MOUNT EDEN,29 COMMERCIAL GARAGES,"10,325",10300,4785000,2025-01-06T00:00:00.000
4,DOUGLASTON,01 ONE FAMILY DWELLINGS,"10,346",2340,1600000,2025-06-04T00:00:00.000
5,SOUTH BEACH,01 ONE FAMILY DWELLINGS,"1,035",1675,658000,2025-09-09T00:00:00.000
5,SOUTH BEACH,01 ONE FAMILY DWELLINGS,"1,035",1675,639999,2025-07-29T00:00:00.000
3,BOROUGH PARK,21 OFFICE BUILDINGS,"10,350",7972,12150000,2025-03-28T00:00:00.000
4,BRIARWOOD,01 ONE FAMILY DWELLINGS,"10,360",2136,1300000,2025-05-08T00:00:00.000
3,FLATBUSH-CENTRAL,14 RENTALS - 4-10 UNIT,"1,037",3760,2450000,2024-11-14T00:00:00.000
4,FOREST HILLS,01 ONE FAMILY DWELLINGS,"1,037",1478,1500000,2025-08-20T00:00:00.000
5,HUGUENOT,02 TWO FAMILY DWELLINGS,"10,376",4200,1705000,2025-10-27T00:00:00.000
1,UPPER EAST SIDE (79-96),08 RENTALS - ELEVATOR APARTMENTS,"10,384",102053,10500000,2024-11-18T00:00:00.000
1,UPPER EAST SIDE (59-79),14 RENTALS - 4-10 UNIT,"1,040",3755,4525000,2025-06-03T00:00:00.000
5,SOUTH BEACH,01 ONE FAMILY DWELLINGS,"1,043",1254,680000,2025-02-25T00:00:00.000
1,GREENWICH VILLAGE-WEST,02 TWO FAMILY DWELLINGS,"1,044",3344,11500000,2025-04-28T00:00:00.000
3,SHEEPSHEAD BAY,02 TWO FAMILY DWELLINGS,"1,044",1152,800000,2025-02-27T00:00:00.000
5,ROSSVILLE-CHARLESTON,01 ONE FAMILY DWELLINGS,"10,441",2760,990000,2025-06-25T00:00:00.000
3,PARK SLOPE,02 TWO FAMILY DWELLINGS,"1,045",2251,2222563,2025-01-10T00:00:00.000
4,HOLLIS,01 ONE FAMILY DWELLINGS,"1,045",1920,765000,2025-09-30T00:00:00.000
4,CAMBRIA HEIGHTS,01 ONE FAMILY DWELLINGS,"1,046",864,369562,2025-01-30T00:00:00.000
4,HAMMELS,02 TWO FAMILY DWELLINGS,"1,047",1805,710000,2025-10-06T00:00:00.000
3,BUSHWICK,30 WAREHOUSES,"10,470",56000,15445000,2025-04-02T00:00:00.000
2,RIVERDALE,01 ONE FAMILY DWELLINGS,"10,476",2352,1350000,2025-06-30T00:00:00.000
1,GREENWICH VILLAGE-WEST,07 RENTALS - WALKUP APARTMENTS,"1,048",2952,2000000,2025-01-13T00:00:00.000
5,ANNADALE,01 ONE FAMILY DWELLINGS,"10,480",5707,1460000,2025-06-26T00:00:00.000
3,BAY RIDGE,14 RENTALS - 4-10 UNIT,"1,050",3420,1380000,2024-11-27T00:00:00.000
3,GRAVESEND,01 ONE FAMILY DWELLINGS,"1,050",1352,1210000,2025-05-23T00:00:00.000
3,GREENPOINT,02 TWO FAMILY DWELLINGS,"1,050",1876,1370000,2025-05-16T00:00:00.000
3,OCEAN HILL,02 TWO FAMILY DWELLINGS,"1,050",3042,1315000,2025-07-03T00:00:00.000
3,PARK SLOPE,02 TWO FAMILY DWELLINGS,"1,050",3030,3211465,2025-01-10T00:00:00.000
5,CONCORD-FOX HILLS,01 ONE FAMILY DWELLINGS,"1,050",910,579900,2025-09-25T00:00:00.000
5,GREAT KILLS,01 ONE FAMILY DWELLINGS,"1,050",1480,590000,2025-05-08T00:00:00.000
5,WEST NEW BRIGHTON,01 ONE FAMILY DWELLINGS,"1,050",1176,560000,2025-05-09T00:00:00.000
3,FLATBUSH-LEFFERTS GARDEN,01 ONE FAMILY DWELLINGS,"10,500",5311,2375000,2025-01-17T00:00:00.000
3,MIDWOOD,08 RENTALS - ELEVATOR APARTMENTS,"10,500",44100,4600000,2025-03-10T00:00:00.000
5,ROSSVILLE,02 TWO FAMILY DWELLINGS,"10,500",4780,1087500,2025-08-14T00:00:00.000
3,COBBLE HILL,01 ONE FAMILY DWELLINGS,"1,052",2625,6488333,2025-03-20T00:00:00.000
1,SOHO,21 OFFICE BUILDINGS,"10,524",129135,105500000,2025-05-28T00:00:00.000
2,MOTT HAVEN/PORT MORRIS,30 WAREHOUSES,"10,527",7900,2400000,2025-06-17T00:00:00.000
5,HUGUENOT,01 ONE FAMILY DWELLINGS,"10,537",3000,1400000,2025-08-21T00:00:00.000
2,MORRIS PARK/VAN NEST,01 ONE FAMILY DWELLINGS,"1,056",1232,630000,2025-05-07T00:00:00.000
4,FLORAL PARK,22 STORE BUILDINGS,"10,560",2024,6200000,2025-08-26T00:00:00.000
2,MORRISANIA/LONGWOOD,02 TWO FAMILY DWELLINGS,"1,057",1350,300000,2025-08-14T00:00:00.000
2,FIELDSTON,01 ONE FAMILY DWELLINGS,"10,592",3698,2725000,2025-03-07T00:00:00.000
2,PELHAM PARKWAY SOUTH,01 ONE FAMILY DWELLINGS,"10,594",2348,1170000,2025-01-06T00:00:00.000
1,HARLEM-CENTRAL,08 RENTALS - ELEVATOR APARTMENTS,"10,597",48438,120198,2025-02-27T00:00:00.000
3,GRAVESEND,01 ONE FAMILY DWELLINGS,"1,060",719,750000,2025-08-29T00:00:00.000
4,FLUSHING-NORTH,01 ONE FAMILY DWELLINGS,"1,060",1996,990000,2025-06-24T00:00:00.000
4,FLUSHING-NORTH,01 ONE FAMILY DWELLINGS,"1,060",1996,988000,2025-03-21T00:00:00.000
5,ARDEN HEIGHTS,01 ONE FAMILY DWELLINGS,"1,060",1008,597000,2025-09-03T00:00:00.000
5,ARDEN HEIGHTS,01 ONE FAMILY DWELLINGS,"1,060",1008,590000,2025-04-30T00:00:00.000
5,ARDEN HEIGHTS,01 ONE FAMILY DWELLINGS,"1,060",1480,641000,2025-09-18T00:00:00.000
5,ARDEN HEIGHTS,01 ONE FAMILY DWELLINGS,"1,060",1008,565000,2025-09-09T00:00:00.000
4,LONG ISLAND CITY,29 COMMERCIAL GARAGES,"10,600",1875,4137238,2025-02-07T00:00:00.000
5,ANNADALE,01 ONE FAMILY DWELLINGS,"10,600",2404,1275000,2025-08-26T00:00:00.000
5,GREAT KILLS,01 ONE FAMILY DWELLINGS,"10,600",1268,875000,2025-09-05T00:00:00.000
5,ROSSVILLE,02 TWO FAMILY DWELLINGS,"10,600",4200,1530000,2025-09-11T00:00:00.000
5,TOTTENVILLE,02 TWO FAMILY DWELLINGS,"10,600",3870,1645000,2025-06-11T00:00:00.000
5,HUGUENOT,02 TWO FAMILY DWELLINGS,"10,608",3960,1325000,2024-12-23T00:00:00.000
3,SHEEPSHEAD BAY,01 ONE FAMILY DWELLINGS,"1,062",1152,800000,2025-03-06T00:00:00.000
5,WOODROW,01 ONE FAMILY DWELLINGS,"1,062",1570,590000,2025-07-15T00:00:00.000
5,GRYMES HILL,01 ONE FAMILY DWELLINGS,"10,629",5831,795000,2025-03-18T00:00:00.000
2,MORRISANIA/LONGWOOD,32 HOSPITAL AND HEALTH FACILITIES,"10,655",25000,5400000,2025-04-03T00:00:00.000
5,ARDEN HEIGHTS,01 ONE FAMILY DWELLINGS,"10,668",1350,950000,2025-07-28T00:00:00.000
4,LONG ISLAND CITY,02 TWO FAMILY DWELLINGS,"1,068",2040,1965000,2025-02-14T00:00:00.000
2,BEDFORD PARK/NORWOOD,08 RENTALS - ELEVATOR APARTMENTS,"10,680",50762,3200000,2025-07-31T00:00:00.000
5,TODT HILL,01 ONE FAMILY DWELLINGS,"10,681",3288,1500000,2025-04-17T00:00:00.000
3,FORT GREENE,02 TWO FAMILY DWELLINGS,"1,070",2052,2998000,2025-05-16T00:00:00.000
3,MARINE PARK,22 STORE BUILDINGS,"10,700",11149,3300000,2025-08-14T00:00:00.000
3,SHEEPSHEAD BAY,22 STORE BUILDINGS,"10,700",10700,3000000,2024-12-05T00:00:00.000
3,SHEEPSHEAD BAY,01 ONE FAMILY DWELLINGS,"1,072",1452,995000,2025-02-04T00:00:00.000
2,KINGSBRIDGE HTS/UNIV HTS,05 TAX CLASS 1 VACANT LAND,"10,725",0,2000000,2025-01-27T00:00:00.000
4,WHITESTONE,01 ONE FAMILY DWELLINGS,"10,728",5238,3665700,2025-03-31T00:00:00.000
5,ROSSVILLE-CHARLESTON,31 COMMERCIAL VACANT LAND,"10,750",0,1000000,2025-03-21T00:00:00.000
5,ROSSVILLE-CHARLESTON,31 COMMERCIAL VACANT LAND,"10,750",0,1375000,2025-10-09T00:00:00.000
3,SHEEPSHEAD BAY,01 ONE FAMILY DWELLINGS,"1,076",612,520000,2025-01-21T00:00:00.000
5,ROSSVILLE-RICHMOND VALLEY,02 TWO FAMILY DWELLINGS,"10,773",4480,1756481,2025-01-28T00:00:00.000
2,FORDHAM,03 THREE FAMILY DWELLINGS,"10,787",936,5102000,2024-12-11T00:00:00.000
2,BAYCHESTER,26 OTHER HOTELS,"10,795",7600,4300000,2025-03-13T00:00:00.000
1,WASHINGTON HEIGHTS UPPER,02 TWO FAMILY DWELLINGS,"1,080",2880,975000,2024-11-27T00:00:00.000
2,MORRISANIA/LONGWOOD,05 TAX CLASS 1 VACANT LAND,"1,080",0,150000,2025-07-14T00:00:00.000
4,MASPETH,01 ONE FAMILY DWELLINGS,"1,080",1032,467000,2025-07-29T00:00:00.000
5,NEW DORP-BEACH,01 ONE FAMILY DWELLINGS,"1,080",1080,470000,2025-08-04T00:00:00.000
5,PLEASANT PLAINS,01 ONE FAMILY DWELLINGS,"1,080",1440,385000,2025-06-15T00:00:00.000
5,STAPLETON,01 ONE FAMILY DWELLINGS,"1,080",1000,436000,2025-06-20T00:00:00.000
2,CASTLE HILL/UNIONPORT,38 ASYLUMS AND HOMES,"10,800",20200,4275000,2024-12-23T00:00:00.000
5,ANNADALE,01 ONE FAMILY DWELLINGS,"10,800",2164,1150000,2025-10-01T00:00:00.000
5,ARROCHAR,01 ONE FAMILY DWELLINGS,"10,800",1767,1188000,2025-09-23T00:00:00.000
5,PRINCES BAY,02 TWO FAMILY DWELLINGS,"10,800",2600,1250000,2025-03-13T00:00:00.000
4,FAR ROCKAWAY,05 TAX CLASS 1 VACANT LAND,"10,807",0,1125000,2025-06-25T00:00:00.000
1,LITTLE ITALY,01 ONE FAMILY DWELLINGS,"1,082",4576,7200000,2025-02-20T00:00:00.000
4,SOUTH JAMAICA,01 ONE FAMILY DWELLINGS,"1,082",1468,590000,2025-05-14T00:00:00.000
4,SOUTH JAMAICA,01 ONE FAMILY DWELLINGS,"1,082",1468,610000,2025-05-08T00:00:00.000
4,SOUTH JAMAICA,01 ONE FAMILY DWELLINGS,"1,082",1468,580000,2025-07-14T00:00:00.000
5,ELTINGVILLE,01 ONE FAMILY DWELLINGS,"1,082",1480,540000,2025-03-14T00:00:00.000
1,FASHION,26 OTHER HOTELS,"10,825",71541,59830000,2024-11-08T00:00:00.000
5,NEW SPRINGVILLE,01 ONE FAMILY DWELLINGS,"10,826",3796,1525000,2025-06-09T00:00:00.000
3,BOERUM HILL,02 TWO FAMILY DWELLINGS,"1,083",1728,2250000,2025-04-28T00:00:00.000
3,WILLIAMSBURG-NORTH,14 RENTALS - 4-10 UNIT,"1,083",2490,3000000,2024-11-19T00:00:00.000
3,CROWN HEIGHTS,02 TWO FAMILY DWELLINGS,"1,084",3572,1100000,2025-08-14T00:00:00.000
4,FLUSHING-NORTH,02 TWO FAMILY DWELLINGS,"1,085",1330,1100000,2025-06-13T00:00:00.000
4,RICHMOND HILL,41 TAX CLASS 4 - OTHER,"1,087",0,148000,2025-04-18T00:00:00.000
4,SOUTH JAMAICA,29 COMMERCIAL GARAGES,"1,087",0,150000,2024-11-27T00:00:00.000
1,UPPER EAST SIDE (59-79),22 STORE BUILDINGS,"1,088",4850,62588500,2025-10-21T00:00:00.000
1,UPPER EAST SIDE (59-79),22 STORE BUILDINGS,"1,088",3541,62588500,2025-10-21T00:00:00.000
5,TOTTENVILLE,01 ONE FAMILY DWELLINGS,"10,890",972,1050000,2025-05-20T00:00:00.000
5,CONCORD-FOX HILLS,01 ONE FAMILY DWELLINGS,"1,090",900,628000,2025-04-17T00:00:00.000
4,BELLEROSE,22 STORE BUILDINGS,"10,900",1800,2107000,2025-04-15T00:00:00.000
5,PRINCES BAY,01 ONE FAMILY DWELLINGS,"10,900",1504,869000,2025-03-13T00:00:00.000
2,CROTONA PARK,30 WAREHOUSES,"10,906",22371,3900000,2025-06-04T00:00:00.000
3,RED HOOK,31 COMMERCIAL VACANT LAND,"1,091",0,425000,2025-07-23T00:00:00.000
5,GREAT KILLS,01 ONE FAMILY DWELLINGS,"1,092",1244,562500,2025-01-30T00:00:00.000
5,WEST NEW BRIGHTON,01 ONE FAMILY DWELLINGS,"1,092",1200,535000,2025-07-11T00:00:00.000
4,WHITESTONE,01 ONE FAMILY DWELLINGS,"10,920",1878,1250000,2025-10-29T00:00:00.000
5,ROSSVILLE-CHARLESTON,22 STORE BUILDINGS,"10,920",4250,1300000,2025-03-20T00:00:00.000
5,TODT HILL,01 ONE FAMILY DWELLINGS,"10,925",5376,1088000,2025-07-22T00:00:00.000
5,EMERSON HILL,01 ONE FAMILY DWELLINGS,"10,933",3801,1750000,2025-05-14T00:00:00.000
2,WAKEFIELD,01 ONE FAMILY DWELLINGS,"1,095",1648,375000,2025-02-27T00:00:00.000
3,BENSONHURST,02 TWO FAMILY DWELLINGS,"1,095",1683,1120000,2025-04-03T00:00:00.000
4,WOODSIDE,01 ONE FAMILY DWELLINGS,"1,095",1190,850000,2025-09-03T00:00:00.000
5,TOMPKINSVILLE,02 TWO FAMILY DWELLINGS,"1,098",1493,615000,2025-08-08T00:00:00.000
5,RICHMONDTOWN,01 ONE FAMILY DWELLINGS,"10,995",900,845000,2024-11-15T00:00:00.000
1,LOWER EAST SIDE,07 RENTALS - WALKUP APARTMENTS,"1,100",5500,2800000,2025-06-26T00:00:00.000
2,PELHAM PARKWAY SOUTH,01 ONE FAMILY DWELLINGS,"1,100",1648,655000,2025-03-31T00:00:00.000
4,HOLLIS,01 ONE FAMILY DWELLINGS,"1,100",1920,775000,2025-02-12T00:00:00.000
4,JAMAICA,02 TWO FAMILY DWELLINGS,"1,100",2238,1200000,2025-09-12T00:00:00.000
5,MARINERS HARBOR,02 TWO FAMILY DWELLINGS,"1,100",1300,400000,2025-06-27T00:00:00.000
5,ROSEBANK,01 ONE FAMILY DWELLINGS,"1,100",1320,183211,2024-12-06T00:00:00.000
5,ROSEBANK,01 ONE FAMILY DWELLINGS,"1,100",1320,660000,2025-03-20T00:00:00.000
2,BEDFORD PARK/NORWOOD,08 RENTALS - ELEVATOR APARTMENTS,"11,000",47145,3642810,2025-05-16T00:00:00.000
2,BEDFORD PARK/NORWOOD,08 RENTALS - ELEVATOR APARTMENTS,"11,000",56000,4711590,2025-05-16T00:00:00.000
4,FLUSHING-NORTH,01 ONE FAMILY DWELLINGS,"11,000",4000,1900000,2025-03-05T00:00:00.000
4,JACKSON HEIGHTS,07 RENTALS - WALKUP APARTMENTS,"11,000",25832,4750000,2024-11-18T00:00:00.000
4,LONG ISLAND CITY,21 OFFICE BUILDINGS,"11,000",16950,5500000,2024-12-20T00:00:00.000
5,OAKWOOD-BEACH,01 ONE FAMILY DWELLINGS,"11,000",1844,670000,2025-02-13T00:00:00.000
5,SILVER LAKE,01 ONE FAMILY DWELLINGS,"11,000",1960,1100000,2024-11-19T00:00:00.000
1,KIPS BAY,32 HOSPITAL AND HEALTH FACILITIES,"11,024",70848,27589375,2024-12-16T00:00:00.000
5,TOTTENVILLE,01 ONE FAMILY DWELLINGS,"1,103",825,459000,2025-03-25T00:00:00.000
5,CONCORD-FOX HILLS,01 ONE FAMILY DWELLINGS,"1,105",910,295074,2025-07-18T00:00:00.000
5,ROSSVILLE-RICHMOND VALLEY,02 TWO FAMILY DWELLINGS,"11,050",2312,1365000,2025-02-04T00:00:00.000
3,CYPRESS HILLS,29 COMMERCIAL GARAGES,"11,061",1845,5750000,2024-12-20T00:00:00.000
4,FOREST HILLS,05 TAX CLASS 1 VACANT LAND,"11,069",0,1835000,2025-06-02T00:00:00.000
3,CROWN HEIGHTS,07 RENTALS - WALKUP APARTMENTS,"1,107",5535,1275000,2025-03-10T00:00:00.000
5,NEW DORP-HEIGHTS,01 ONE FAMILY DWELLINGS,"11,070",1340,924000,2025-09-10T00:00:00.000
4,COLLEGE POINT,29 COMMERCIAL GARAGES,"11,075",2300,6666667,2025-07-15T00:00:00.000
1,GREENWICH VILLAGE-WEST,01 ONE FAMILY DWELLINGS,"1,108",3166,9900000,2025-03-27T00:00:00.000
1,WASHINGTON HEIGHTS UPPER,03 THREE FAMILY DWELLINGS,"1,109",2040,800000,2024-12-02T00:00:00.000
5,NEW SPRINGVILLE,02 TWO FAMILY DWELLINGS,"11,111",2554,1200000,2025-06-13T00:00:00.000
5,PLEASANT PLAINS,01 ONE FAMILY DWELLINGS,"11,125",2527,1500000,2025-05-06T00:00:00.000
3,WILLIAMSBURG-NORTH,29 COMMERCIAL GARAGES,"1,113",0,6500000,2025-01-22T00:00:00.000
4,JAMAICA,37 RELIGIOUS FACILITIES,"11,145",11000,3500000,2025-04-25T00:00:00.000
1,UPPER EAST SIDE (79-96),01 ONE FAMILY DWELLINGS,"1,116",3232,3300000,2025-10-15T00:00:00.000
4,JAMAICA ESTATES,01 ONE FAMILY DWELLINGS,"11,161",3088,3200000,2025-01-14T00:00:00.000
2,WILLIAMSBRIDGE,26 OTHER HOTELS,"11,176",8070,4400000,2024-11-07T00:00:00.000
3,CANARSIE,30 WAREHOUSES,"11,195",11000,3175000,2025-05-27T00:00:00.000
4,CORONA,02 TWO FAMILY DWELLINGS,"1,120",2480,990000,2025-03-20T00:00:00.000
4,ELMHURST,14 RENTALS - 4-10 UNIT,"1,120",3300,2400000,2025-03-31T00:00:00.000
5,CONCORD-FOX HILLS,01 ONE FAMILY DWELLINGS,"1,120",900,445000,2025-05-22T00:00:00.000
3,CROWN HEIGHTS,07 RENTALS - WALKUP APARTMENTS,"11,200",28200,2300000,2025-09-29T00:00:00.000
5,EMERSON HILL,01 ONE FAMILY DWELLINGS,"11,200",2002,1180000,2025-07-29T00:00:00.000
5,TODT HILL,01 ONE FAMILY DWELLINGS,"11,200",3494,1475000,2025-04-09T00:00:00.000
4,FAR ROCKAWAY,05 TAX CLASS 1 VACANT LAND,"11,207",0,1999500,2025-05-22T00:00:00.000
5,SOUTH BEACH,01 ONE FAMILY DWELLINGS,"1,122",1432,560000,2024-11-18T00:00:00.000
3,FLATBUSH-EAST,01 ONE FAMILY DWELLINGS,"1,123",1328,785010,2024-11-14T00:00:00.000
2,SOUNDVIEW,03 THREE FAMILY DWELLINGS,"1,124",2740,960000,2025-01-07T00:00:00.000
2,MORRISANIA/LONGWOOD,01 ONE FAMILY DWELLINGS,"1,125",1842,445200,2025-08-22T00:00:00.000
3,OCEAN PARKWAY-SOUTH,02 TWO FAMILY DWELLINGS,"1,125",1512,690000,2025-05-20T00:00:00.000
3,WINDSOR TERRACE,01 ONE FAMILY DWELLINGS,"1,125",1112,1955000,2024-12-06T00:00:00.000
3,FLATBUSH-NORTH,07 RENTALS - WALKUP APARTMENTS,"11,250",35396,3150000,2025-10-29T00:00:00.000
4,FAR ROCKAWAY,03 THREE FAMILY DWELLINGS,"11,250",4821,1485000,2025-03-28T00:00:00.000
4,FLUSHING-NORTH,08 RENTALS - ELEVATOR APARTMENTS,"11,250",51042,11500000,2025-08-07T00:00:00.000
2,CITY ISLAND,02 TWO FAMILY DWELLINGS,"11,255",2304,1400000,2025-08-29T00:00:00.000
1,UPPER WEST SIDE (79-96),07 RENTALS - WALKUP APARTMENTS,"1,126",3028,3050000,2025-02-07T00:00:00.000
5,ROSSVILLE-RICHMOND VALLEY,02 TWO FAMILY DWELLINGS,"11,267",4554,1552831,2024-12-18T00:00:00.000
3,GOWANUS,02 TWO FAMILY DWELLINGS,"1,127",1856,1900000,2025-04-29T00:00:00.000
2,FORDHAM,29 COMMERCIAL GARAGES,"11,273",0,4700000,2025-02-14T00:00:00.000
2,MORRISANIA/LONGWOOD,02 TWO FAMILY DWELLINGS,"1,128",2025,540000,2025-04-21T00:00:00.000
2,WESTCHESTER,22 STORE BUILDINGS,"11,290",5177,3000000,2024-11-19T00:00:00.000
3,EAST NEW YORK,01 ONE FAMILY DWELLINGS,"1,130",1796,380000,2025-04-24T00:00:00.000
4,FAR ROCKAWAY,21 OFFICE BUILDINGS,"11,300",7268,3650000,2025-03-25T00:00:00.000
5,TOTTENVILLE,01 ONE FAMILY DWELLINGS,"11,300",1176,595000,2024-11-04T00:00:00.000
2,BRONXDALE,07 RENTALS - WALKUP APARTMENTS,"1,131",2448,999000,2025-06-20T00:00:00.000
3,FLATBUSH-CENTRAL,02 TWO FAMILY DWELLINGS,"1,131",3850,2450000,2024-11-14T00:00:00.000
5,ELTINGVILLE,01 ONE FAMILY DWELLINGS,"11,310",1316,850000,2025-07-02T00:00:00.000
3,GRAVESEND,02 TWO FAMILY DWELLINGS,"1,132",1596,490000,2025-07-08T00:00:00.000
3,PARK SLOPE,14 RENTALS - 4-10 UNIT,"1,132",3379,3775033,2025-01-10T00:00:00.000
5,TOMPKINSVILLE,21 OFFICE BUILDINGS,"11,327",5568,1050000,2025-06-05T00:00:00.000
3,GRAVESEND,01 ONE FAMILY DWELLINGS,"1,133",1500,935000,2025-09-22T00:00:00.000
3,MANHATTAN BEACH,02 TWO FAMILY DWELLINGS,"11,336",4599,3550000,2024-12-19T00:00:00.000
2,RIVERDALE,01 ONE FAMILY DWELLINGS,"11,349",3214,2500000,2025-05-09T00:00:00.000
3,PARK SLOPE,03 THREE FAMILY DWELLINGS,"1,135",2376,2500000,2025-08-21T00:00:00.000
5,ARDEN HEIGHTS,01 ONE FAMILY DWELLINGS,"1,135",1540,608000,2024-12-18T00:00:00.000
5,TRAVIS,01 ONE FAMILY DWELLINGS,"11,350",1250,660000,2025-01-30T00:00:00.000
1,MURRAY HILL,21 OFFICE BUILDINGS,"11,356",150686,153131,2024-12-19T00:00:00.000
4,CAMBRIA HEIGHTS,01 ONE FAMILY DWELLINGS,"1,136",864,595000,2025-01-30T00:00:00.000
5,WOODROW,01 ONE FAMILY DWELLINGS,"1,137",1435,565000,2025-01-22T00:00:00.000
2,KINGSBRIDGE HTS/UNIV HTS,01 ONE FAMILY DWELLINGS,"1,139",1480,599000,2025-06-16T00:00:00.000
5,WOODROW,01 ONE FAMILY DWELLINGS,"1,139",1672,513000,2024-11-18T00:00:00.000
4,FLUSHING-NORTH,22 STORE BUILDINGS,"1,140",1824,3400000,2024-12-18T00:00:00.000
5,MIDLAND BEACH,01 ONE FAMILY DWELLINGS,"1,140",1300,550000,2025-02-12T00:00:00.000
2,BEDFORD PARK/NORWOOD,08 RENTALS - ELEVATOR APARTMENTS,"11,400",65856,4794990,2025-05-16T00:00:00.000
5,TOTTENVILLE,05 TAX CLASS 1 VACANT LAND,"11,404",0,750000,2025-07-31T00:00:00.000
1,FASHION,21 OFFICE BUILDINGS,"11,406",130000,19250000,2025-05-22T00:00:00.000
5,TOTTENVILLE,01 ONE FAMILY DWELLINGS,"11,410",4852,1410000,2025-07-01T00:00:00.000
4,HOLLIS,29 COMMERCIAL GARAGES,"11,413",10800,4400000,2025-05-30T00:00:00.000
3,SHEEPSHEAD BAY,01 ONE FAMILY DWELLINGS,"1,142",1800,900000,2025-02-27T00:00:00.000
4,LONG ISLAND CITY,30 WAREHOUSES,"114,356",71024,6196500,2024-12-05T00:00:00.000
4,LONG ISLAND CITY,30 WAREHOUSES,"114,356",71024,35216775,2025-06-26T00:00:00.000
2,MORRIS PARK/VAN NEST,02 TWO FAMILY DWELLINGS,"1,145",2268,600000,2025-07-09T00:00:00.000
4,FLUSHING-SOUTH,02 TWO FAMILY DWELLINGS,"1,145",1080,935000,2025-10-28T00:00:00.000
4,MASPETH,30 WAREHOUSES,"114,637",35658,50050000,2024-12-27T00:00:00.000
4,WOODSIDE,29 COMMERCIAL GARAGES,"11,477",11470,5600000,2025-05-05T00:00:00.000
2,WILLIAMSBRIDGE,08 RENTALS - ELEVATOR APARTMENTS,"11,481",51180,4703620,2025-05-16T00:00:00.000
1,HARLEM-UPPER,08 RENTALS - ELEVATOR APARTMENTS,"11,492",51876,12500000,2025-07-10T00:00:00.000
2,MORRIS PARK/VAN NEST,01 ONE FAMILY DWELLINGS,"1,150",1648,550000,2025-02-25T00:00:00.000
2,MORRIS PARK/VAN NEST,01 ONE FAMILY DWELLINGS,"1,150",1648,590082,2024-12-23T00:00:00.000
3,DOWNTOWN-FULTON MALL,14 RENTALS - 4-10 UNIT,"1,150",3860,5000000,2024-11-21T00:00:00.000
3,DOWNTOWN-FULTON MALL,22 STORE BUILDINGS,"1,150",2650,14500000,2025-09-10T00:00:00.000
3,DOWNTOWN-FULTON MALL,22 STORE BUILDINGS,"1,150",3070,14500000,2025-09-10T00:00:00.000
3,SHEEPSHEAD BAY,01 ONE FAMILY DWELLINGS,"1,150",618,550000,2025-09-26T00:00:00.000
4,WOODSIDE,03 THREE FAMILY DWELLINGS,"1,150",2560,1400000,2025-04-01T00:00:00.000
5,CONCORD-FOX HILLS,01 ONE FAMILY DWELLINGS,"1,150",900,540000,2025-06-24T00:00:00.000
5,TOMPKINSVILLE,05 TAX CLASS 1 VACANT LAND,"1,150",0,765155,2024-12-20T00:00:00.000
5,TOTTENVILLE,01 ONE FAMILY DWELLINGS,"1,150",1100,555000,2025-07-18T00:00:00.000
2,MELROSE/CONCOURSE,08 RENTALS - ELEVATOR APARTMENTS,"11,500",48870,33103009,2025-09-11T00:00:00.000
3,FLATLANDS,22 STORE BUILDINGS,"11,500",7575,3015000,2024-11-20T00:00:00.000
4,ASTORIA,07 RENTALS - WALKUP APARTMENTS,"11,500",40500,6000000,2024-11-04T00:00:00.000
3,DYKER HEIGHTS,02 TWO FAMILY DWELLINGS,"1,152",960,970000,2025-06-04T00:00:00.000
5,PRINCES BAY,01 ONE FAMILY DWELLINGS,"11,520",2271,1050000,2024-11-14T00:00:00.000
3,GRAVESEND,01 ONE FAMILY DWELLINGS,"1,155",980,850000,2025-08-01T00:00:00.000
4,SO. JAMAICA-BAISLEY PARK,01 ONE FAMILY DWELLINGS,"1,155",748,220000,2025-07-08T00:00:00.000
4,SO. JAMAICA-BAISLEY PARK,01 ONE FAMILY DWELLINGS,"1,155",703,350000,2025-04-24T00:00:00.000
4,SO. JAMAICA-BAISLEY PARK,01 ONE FAMILY DWELLINGS,"1,155",756,250000,2025-08-12T00:00:00.000
5,MIDLAND BEACH,01 ONE FAMILY DWELLINGS,"1,155",612,338000,2025-06-10T00:00:00.000
4,DOUGLASTON,01 ONE FAMILY DWELLINGS,"11,570",2252,2230000,2025-02-12T00:00:00.000
1,HARLEM-CENTRAL,02 TWO FAMILY DWELLINGS,"1,158",3360,102000,2025-03-25T00:00:00.000
3,FLATBUSH-NORTH,01 ONE FAMILY DWELLINGS,"1,158",960,499990,2025-10-22T00:00:00.000
4,BAYSIDE,21 OFFICE BUILDINGS,"11,586",21000,5700000,2025-07-02T00:00:00.000
3,OCEAN HILL,02 TWO FAMILY DWELLINGS,"1,159",1818,275000,2025-09-15T00:00:00.000
4,SUNNYSIDE,02 TWO FAMILY DWELLINGS,"1,159",3341,1300000,2024-12-03T00:00:00.000
2,THROGS NECK,01 ONE FAMILY DWELLINGS,"1,160",1146,525000,2025-08-01T00:00:00.000
3,CROWN HEIGHTS,02 TWO FAMILY DWELLINGS,"1,160",2592,2285000,2025-07-25T00:00:00.000
3,CYPRESS HILLS,02 TWO FAMILY DWELLINGS,"1,160",2070,880000,2025-03-14T00:00:00.000
3,PARK SLOPE,03 THREE FAMILY DWELLINGS,"1,160",2560,3300000,2025-10-07T00:00:00.000
4,LONG ISLAND CITY,03 THREE FAMILY DWELLINGS,"1,160",1436,853000,2025-02-13T00:00:00.000
4,OZONE PARK,01 ONE FAMILY DWELLINGS,"1,160",1200,555000,2025-03-20T00:00:00.000
5,NEW SPRINGVILLE,01 ONE FAMILY DWELLINGS,"1,160",1600,671000,2025-03-04T00:00:00.000
3,BATH BEACH,21 OFFICE BUILDINGS,"11,600",31100,8500000,2025-04-16T00:00:00.000
5,WEST NEW BRIGHTON,27 FACTORIES,"11,613",9769,4900000,2025-10-03T00:00:00.000
5,MIDLAND BEACH,01 ONE FAMILY DWELLINGS,"1,162",1080,300000,2025-01-06T00:00:00.000
2,MOTT HAVEN/PORT MORRIS,29 COMMERCIAL GARAGES,"1,164",1040,525000,2024-12-02T00:00:00.000
4,MASPETH,30 WAREHOUSES,"11,645",7200,3200000,2025-09-04T00:00:00.000
4,WHITESTONE,01 ONE FAMILY DWELLINGS,"11,646",4800,3500000,2025-06-02T00:00:00.000
1,GRAMERCY,01 ONE FAMILY DWELLINGS,"1,165",3192,3850000,2025-10-07T00:00:00.000
3,BEDFORD STUYVESANT,22 STORE BUILDINGS,"11,657",11657,7000000,2025-06-25T00:00:00.000
4,LITTLE NECK,01 ONE FAMILY DWELLINGS,"11,680",2458,2138400,2024-12-06T00:00:00.000
5,ROSSVILLE,02 TWO FAMILY DWELLINGS,"11,683",3054,1414235,2025-05-02T00:00:00.000
3,EAST NEW YORK,02 TWO FAMILY DWELLINGS,"1,169",1836,675000,2025-07-08T00:00:00.000
3,FLATBUSH-CENTRAL,31 COMMERCIAL VACANT LAND,"11,692",0,1900000,2025-02-11T00:00:00.000
1,GRAMERCY,01 ONE FAMILY DWELLINGS,"1,170",3360,6400000,2025-05-06T00:00:00.000
3,BAY RIDGE,02 TWO FAMILY DWELLINGS,"1,170",1653,1080000,2025-08-25T00:00:00.000
3,BOROUGH PARK,02 TWO FAMILY DWELLINGS,"1,170",3300,1497503,2025-06-30T00:00:00.000
5,ARDEN HEIGHTS,01 ONE FAMILY DWELLINGS,"1,170",1339,640000,2025-07-21T00:00:00.000
5,CONCORD-FOX HILLS,01 ONE FAMILY DWELLINGS,"1,170",1165,505000,2024-11-15T00:00:00.000
5,PORT RICHMOND,02 TWO FAMILY DWELLINGS,"1,170",1450,350000,2025-05-02T00:00:00.000
5,PLEASANT PLAINS,01 ONE FAMILY DWELLINGS,"11,700",4358,1800000,2025-04-22T00:00:00.000
3,OCEAN PARKWAY-NORTH,07 RENTALS - WALKUP APARTMENTS,"11,718",42120,6250000,2025-06-25T00:00:00.000
4,MASPETH,29 COMMERCIAL GARAGES,"11,727",2400,3250000,2025-05-01T00:00:00.000
4,ASTORIA,01 ONE FAMILY DWELLINGS,"1,173",1375,1155000,2025-10-03T00:00:00.000
4,WHITESTONE,02 TWO FAMILY DWELLINGS,"11,748",3612,1800000,2025-09-04T00:00:00.000
5,ROSSVILLE-CHARLESTON,37 RELIGIOUS FACILITIES,"11,748",2750,550000,2025-02-28T00:00:00.000
2,CITY ISLAND,01 ONE FAMILY DWELLINGS,"1,175",935,625000,2025-04-16T00:00:00.000
5,SOUTH BEACH,01 ONE FAMILY DWELLINGS,"1,175",1420,638000,2025-08-21T00:00:00.000
3,BOERUM HILL,01 ONE FAMILY DWELLINGS,"1,176",4441,5350000,2025-08-11T00:00:00.000
3,CANARSIE,01 ONE FAMILY DWELLINGS,"1,176",630,550000,2025-05-02T00:00:00.000
5,CASTLETON CORNERS,01 ONE FAMILY DWELLINGS,"1,176",925,525000,2024-12-05T00:00:00.000
5,HUGUENOT,01 ONE FAMILY DWELLINGS,"11,775",2600,1748888,2025-07-31T00:00:00.000
5,HUGUENOT,01 ONE FAMILY DWELLINGS,"11,775",3600,1630000,2025-05-28T00:00:00.000
5,HUGUENOT,02 TWO FAMILY DWELLINGS,"11,775",3974,975000,2024-11-22T00:00:00.000
5,HUGUENOT,05 TAX CLASS 1 VACANT LAND,"11,775",0,450000,2024-12-06T00:00:00.000
5,GREAT KILLS,01 ONE FAMILY DWELLINGS,"1,178",1375,599999,2025-04-14T00:00:00.000
5,TODT HILL,01 ONE FAMILY DWELLINGS,"11,781",1472,1272813,2025-01-21T00:00:00.000
4,DOUGLASTON,05 TAX CLASS 1 VACANT LAND,"117,981",0,500000,2025-06-03T00:00:00.000
1,GREENWICH VILLAGE-WEST,02 TWO FAMILY DWELLINGS,"1,180",2400,8575000,2025-08-13T00:00:00.000
3,CANARSIE,02 TWO FAMILY DWELLINGS,"1,180",2000,714812,2025-09-29T00:00:00.000
3,PARK SLOPE,32 HOSPITAL AND HEALTH FACILITIES,"11,800",22039,12550000,2025-04-10T00:00:00.000
2,CROTONA PARK,29 COMMERCIAL GARAGES,"11,802",2112,3650000,2024-12-11T00:00:00.000
4,BELLEROSE,05 TAX CLASS 1 VACANT LAND,"1,181",0,750000,2025-01-16T00:00:00.000
5,DONGAN HILLS-COLONY,01 ONE FAMILY DWELLINGS,"11,816",5156,1880000,2025-06-18T00:00:00.000
3,WILLIAMSBURG-EAST,03 THREE FAMILY DWELLINGS,"1,183",2241,3325000,2025-01-09T00:00:00.000
3,KENSINGTON,29 COMMERCIAL GARAGES,"11,838",12000,13500000,2025-07-24T00:00:00.000
3,SHEEPSHEAD BAY,01 ONE FAMILY DWELLINGS,"1,184",1452,600000,2024-11-20T00:00:00.000
4,WOODSIDE,01 ONE FAMILY DWELLINGS,"1,184",1190,890000,2025-05-15T00:00:00.000
5,CONCORD,01 ONE FAMILY DWELLINGS,"1,184",1248,550000,2025-05-27T00:00:00.000
5,MIDLAND BEACH,01 ONE FAMILY DWELLINGS,"1,184",1250,474750,2024-11-07T00:00:00.000
3,GRAVESEND,02 TWO FAMILY DWELLINGS,"1,185",1881,1170000,2024-11-22T00:00:00.000
4,LONG ISLAND CITY,21 OFFICE BUILDINGS,"11,850",24370,9000000,2025-03-12T00:00:00.000
5,CASTLETON CORNERS,03 THREE FAMILY DWELLINGS,"11,850",2160,1200000,2025-01-23T00:00:00.000
3,EAST NEW YORK,31 COMMERCIAL VACANT LAND,"1,186",0,1827225,2025-01-09T00:00:00.000
4,HOLLIS,22 STORE BUILDINGS,"11,875",11325,3600000,2025-08-26T00:00:00.000
3,BEDFORD STUYVESANT,03 THREE FAMILY DWELLINGS,"1,188",2957,1550000,2025-05-20T00:00:00.000
4,HOLLIS,02 TWO FAMILY DWELLINGS,"1,188",1862,399000,2025-05-16T00:00:00.000
4,SOUTH OZONE PARK,22 STORE BUILDINGS,"1,188",1045,450000,2025-02-05T00:00:00.000
2,KINGSBRIDGE HTS/UNIV HTS,01 ONE FAMILY DWELLINGS,"1,190",1752,730000,2025-10-06T00:00:00.000
3,BEDFORD STUYVESANT,02 TWO FAMILY DWELLINGS,"1,190",1830,2380000,2025-09-22T00:00:00.000
3,CROWN HEIGHTS,22 STORE BUILDINGS,"1,190",2074,755000,2024-11-12T00:00:00.000
3,FLATBUSH-EAST,02 TWO FAMILY DWELLINGS,"1,190",1496,790000,2025-06-03T00:00:00.000
3,FLATBUSH-EAST,02 TWO FAMILY DWELLINGS,"1,190",1496,475000,2024-11-14T00:00:00.000
5,NEW BRIGHTON,01 ONE FAMILY DWELLINGS,"1,190",1036,550000,2024-12-19T00:00:00.000
5,WEST NEW BRIGHTON,01 ONE FAMILY DWELLINGS,"1,190",1176,525000,2025-09-17T00:00:00.000
2,BEDFORD PARK/NORWOOD,08 RENTALS - ELEVATOR APARTMENTS,"11,900",54369,4179630,2025-05-16T00:00:00.000
3,BEDFORD STUYVESANT,31 COMMERCIAL VACANT LAND,"1,192",0,6900000,2025-02-20T00:00:00.000
4,BAYSIDE,05 TAX CLASS 1 VACANT LAND,"11,942",0,2200000,2025-03-03T00:00:00.000
2,WILLIAMSBRIDGE,07 RENTALS - WALKUP APARTMENTS,"11,945",54048,3811081,2025-03-27T00:00:00.000
2,WILLIAMSBRIDGE,07 RENTALS - WALKUP APARTMENTS,"11,945",53274,3665036,2025-03-27T00:00:00.000
1,HARLEM-CENTRAL,07 RENTALS - WALKUP APARTMENTS,"1,195",2613,1850000,2025-01-24T00:00:00.000
3,CROWN HEIGHTS,22 STORE BUILDINGS,"1,195",3434,1900000,2024-12-17T00:00:00.000
3,SUNSET PARK,03 THREE FAMILY DWELLINGS,"1,195",1710,2320000,2025-10-15T00:00:00.000
5,TOMPKINSVILLE,02 TWO FAMILY DWELLINGS,"1,195",1492,495000,2025-08-08T00:00:00.000
5,PRINCES BAY,01 ONE FAMILY DWELLINGS,"11,950",1289,800000,2025-02-25T00:00:00.000
1,UPPER EAST SIDE (59-79),22 STORE BUILDINGS,"1,196",2169,62588500,2025-10-21T00:00:00.000
3,FLATBUSH-NORTH,02 TWO FAMILY DWELLINGS,"1,197",1408,523950,2025-06-18T00:00:00.000
3,FLATBUSH-NORTH,02 TWO FAMILY DWELLINGS,"1,197",1408,680000,2024-12-16T00:00:00.000
4,SPRINGFIELD GARDENS,02 TWO FAMILY DWELLINGS,"1,197",1548,725000,2025-06-13T00:00:00.000
5,TOTTENVILLE,01 ONE FAMILY DWELLINGS,"11,978",1840,725000,2024-11-13T00:00:00.000
3,EAST NEW YORK,31 COMMERCIAL VACANT LAND,"1,198",0,1827225,2025-01-09T00:00:00.000
3,EAST NEW YORK,31 COMMERCIAL VACANT LAND,"1,198",0,1827225,2025-01-09T00:00:00.000
1,HARLEM-CENTRAL,08 RENTALS - ELEVATOR APARTMENTS,"11,990",59269,725000,2024-12-17T00:00:00.000
1,HARLEM-CENTRAL,08 RENTALS - ELEVATOR APARTMENTS,"11,990",59269,550000,2025-04-10T00:00:00.000
1,HARLEM-CENTRAL,07 RENTALS - WALKUP APARTMENTS,"1,200",2520,1428000,2025-05-20T00:00:00.000
2,HIGHBRIDGE/MORRIS HEIGHTS,22 STORE BUILDINGS,"1,200",1200,1400000,2024-11-26T00:00:00.000
2,MORRISANIA/LONGWOOD,02 TWO FAMILY DWELLINGS,"1,200",2700,725000,2024-12-23T00:00:00.000
2,PARKCHESTER,03 THREE FAMILY DWELLINGS,"1,200",1935,830000,2025-06-10T00:00:00.000
3,BAY RIDGE,02 TWO FAMILY DWELLINGS,"1,200",2080,1388000,2025-05-16T00:00:00.000
3,BAY RIDGE,02 TWO FAMILY DWELLINGS,"1,200",2080,1450000,2025-02-03T00:00:00.000
3,BEDFORD STUYVESANT,01 ONE FAMILY DWELLINGS,"1,200",1692,1850000,2024-12-20T00:00:00.000
3,BEDFORD STUYVESANT,02 TWO FAMILY DWELLINGS,"1,200",2025,1950000,2025-04-01T00:00:00.000
3,BOERUM HILL,07 RENTALS - WALKUP APARTMENTS,"1,200",4160,1579200,2025-03-26T00:00:00.000
3,BRIGHTON BEACH,01 ONE FAMILY DWELLINGS,"1,200",1730,650000,2024-11-25T00:00:00.000
3,CARROLL GARDENS,02 TWO FAMILY DWELLINGS,"1,200",3600,2950000,2024-11-22T00:00:00.000
3,EAST NEW YORK,03 THREE FAMILY DWELLINGS,"1,200",2640,708058,2025-07-01T00:00:00.000
3,EAST NEW YORK,31 COMMERCIAL VACANT LAND,"1,200",0,1827225,2025-01-09T00:00:00.000
3,FLATBUSH-CENTRAL,02 TWO FAMILY DWELLINGS,"1,200",2200,950000,2025-09-16T00:00:00.000
3,FLATBUSH-EAST,01 ONE FAMILY DWELLINGS,"1,200",1120,676000,2025-07-10T00:00:00.000
3,FLATBUSH-EAST,02 TWO FAMILY DWELLINGS,"1,200",1400,987804,2025-02-19T00:00:00.000
3,GOWANUS,01 ONE FAMILY DWELLINGS,"1,200",1146,1775000,2025-05-29T00:00:00.000
3,GREENPOINT,01 ONE FAMILY DWELLINGS,"1,200",840,1776000,2024-11-08T00:00:00.000
3,OCEAN HILL,01 ONE FAMILY DWELLINGS,"1,200",1020,650000,2024-11-12T00:00:00.000
3,OCEAN HILL,31 COMMERCIAL VACANT LAND,"1,200",0,299900,2024-11-12T00:00:00.000
3,WILLIAMSBURG-EAST,02 TWO FAMILY DWELLINGS,"1,200",1898,1450000,2025-05-13T00:00:00.000
3,WILLIAMSBURG-EAST,03 THREE FAMILY DWELLINGS,"1,200",2700,2117000,2025-04-28T00:00:00.000
3,WINDSOR TERRACE,02 TWO FAMILY DWELLINGS,"1,200",1800,1640000,2025-10-08T00:00:00.000
4,FLUSHING-NORTH,01 ONE FAMILY DWELLINGS,"1,200",1428,998000,2025-06-20T00:00:00.000
4,SO. JAMAICA-BAISLEY PARK,05 TAX CLASS 1 VACANT LAND,"1,200",0,150000,2025-07-14T00:00:00.000
4,SO. JAMAICA-BAISLEY PARK,05 TAX CLASS 1 VACANT LAND,"1,200",0,150000,2025-07-14T00:00:00.000
4,SOUTH JAMAICA,02 TWO FAMILY DWELLINGS,"1,200",1236,970000,2025-10-21T00:00:00.000
4,SOUTH OZONE PARK,31 COMMERCIAL VACANT LAND,"1,200",0,2750000,2024-12-04T00:00:00.000
5,ARDEN HEIGHTS,01 ONE FAMILY DWELLINGS,"1,200",1378,616000,2025-07-31T00:00:00.000
5,ARDEN HEIGHTS,01 ONE FAMILY DWELLINGS,"1,200",1378,563000,2025-01-06T00:00:00.000
5,GREAT KILLS,01 ONE FAMILY DWELLINGS,"1,200",1200,560000,2025-03-25T00:00:00.000
5,MIDLAND BEACH,05 TAX CLASS 1 VACANT LAND,"1,200",0,380250,2025-08-22T00:00:00.000
5,NEW DORP,01 ONE FAMILY DWELLINGS,"1,200",1600,670000,2025-09-02T00:00:00.000
5,NEW DORP-BEACH,01 ONE FAMILY DWELLINGS,"1,200",448,445000,2025-01-14T00:00:00.000
5,NEW DORP-BEACH,01 ONE FAMILY DWELLINGS,"1,200",524,272000,2025-05-19T00:00:00.000
5,NEW DORP-BEACH,01 ONE FAMILY DWELLINGS,"1,200",420,311550,2025-09-10T00:00:00.000
5,NEW DORP-BEACH,05 TAX CLASS 1 VACANT LAND,"1,200",0,515000,2025-09-05T00:00:00.000
5,NEW DORP-BEACH,06 TAX CLASS 1 - OTHER,"1,200",0,815000,2025-07-23T00:00:00.000
5,NEW SPRINGVILLE,01 ONE FAMILY DWELLINGS,"1,200",1159,360570,2025-07-31T00:00:00.000
5,NEW SPRINGVILLE,01 ONE FAMILY DWELLINGS,"1,200",1159,452946,2024-12-12T00:00:00.000
5,WEST NEW BRIGHTON,02 TWO FAMILY DWELLINGS,"1,200",2139,530000,2025-07-15T00:00:00.000
3,BAY RIDGE,08 RENTALS - ELEVATOR APARTMENTS,"12,000",48000,7125000,2025-10-29T00:00:00.000
3,BEDFORD STUYVESANT,07 RENTALS - WALKUP APARTMENTS,"12,000",38000,3563259,2024-11-15T00:00:00.000
3,BENSONHURST,21 OFFICE BUILDINGS,"12,000",11290,10225000,2025-04-18T00:00:00.000
3,BOROUGH PARK,07 RENTALS - WALKUP APARTMENTS,"12,000",34600,2520000,2025-08-26T00:00:00.000
3,CANARSIE,29 COMMERCIAL GARAGES,"12,000",2660,3350000,2025-04-10T00:00:00.000
3,CROWN HEIGHTS,07 RENTALS - WALKUP APARTMENTS,"12,000",30700,3600000,2025-07-08T00:00:00.000
3,FLATBUSH-CENTRAL,08 RENTALS - ELEVATOR APARTMENTS,"12,000",60259,28000000,2025-05-01T00:00:00.000
3,MIDWOOD,02 TWO FAMILY DWELLINGS,"12,000",4962,4800000,2025-07-01T00:00:00.000
4,BELLE HARBOR,01 ONE FAMILY DWELLINGS,"12,000",6816,2850000,2025-03-19T00:00:00.000
4,CORONA,27 FACTORIES,"12,000",8000,3480000,2025-10-15T00:00:00.000
5,MARINERS HARBOR,01 ONE FAMILY DWELLINGS,"12,000",1792,665000,2025-06-30T00:00:00.000
5,PRINCES BAY,01 ONE FAMILY DWELLINGS,"12,000",2200,1300000,2025-03-05T00:00:00.000
5,ROSSVILLE,02 TWO FAMILY DWELLINGS,"12,000",5600,1263648,2024-11-19T00:00:00.000
5,ROSSVILLE,02 TWO FAMILY DWELLINGS,"12,000",5600,1650000,2025-04-17T00:00:00.000
1,LOWER EAST SIDE,08 RENTALS - ELEVATOR APARTMENTS,"12,002",74453,56250000,2025-10-01T00:00:00.000
2,WILLIAMSBRIDGE,07 RENTALS - WALKUP APARTMENTS,"12,009",42490,3498128,2025-03-27T00:00:00.000
2,WILLIAMSBRIDGE,07 RENTALS - WALKUP APARTMENTS,"12,009",42740,3741536,2025-03-27T00:00:00.000
3,COBBLE HILL,03 THREE FAMILY DWELLINGS,"1,202",2968,4925000,2025-07-30T00:00:00.000
3,COBBLE HILL,01 ONE FAMILY DWELLINGS,"1,203",2700,3100000,2025-10-01T00:00:00.000
5,ARDEN HEIGHTS,01 ONE FAMILY DWELLINGS,"1,204",884,512000,2025-01-24T00:00:00.000
2,HIGHBRIDGE/MORRIS HEIGHTS,03 THREE FAMILY DWELLINGS,"1,205",3000,879000,2025-01-21T00:00:00.000
5,GREAT KILLS,01 ONE FAMILY DWELLINGS,"1,206",1240,410000,2025-10-01T00:00:00.000
2,SCHUYLERVILLE/PELHAM BAY,07 RENTALS - WALKUP APARTMENTS,"12,073",42000,4500000,2025-09-29T00:00:00.000
2,WESTCHESTER,32 HOSPITAL AND HEALTH FACILITIES,"12,073",13674,4200000,2025-07-10T00:00:00.000
3,GOWANUS,29 COMMERCIAL GARAGES,"120,793",13518,164000000,2025-04-30T00:00:00.000
3,BOROUGH PARK,02 TWO FAMILY DWELLINGS,"1,210",3300,1800000,2025-06-04T00:00:00.000
3,PARK SLOPE,03 THREE FAMILY DWELLINGS,"1,210",2640,24000000,2025-09-18T00:00:00.000
5,NEW DORP,01 ONE FAMILY DWELLINGS,"1,210",1480,480000,2025-06-30T00:00:00.000
2,MORRIS PARK/VAN NEST,02 TWO FAMILY DWELLINGS,"12,110",1472,999000,2025-03-18T00:00:00.000
2,HIGHBRIDGE/MORRIS HEIGHTS,29 COMMERCIAL GARAGES,"12,114",24228,3500000,2025-02-12T00:00:00.000
5,TOTTENVILLE,02 TWO FAMILY DWELLINGS,"12,120",4100,1455000,2025-01-07T00:00:00.000
1,HARLEM-WEST,03 THREE FAMILY DWELLINGS,"1,214",5945,1999900,2025-10-01T00:00:00.000
4,RIDGEWOOD,01 ONE FAMILY DWELLINGS,"1,214",1248,350000,2025-01-27T00:00:00.000
4,RIDGEWOOD,01 ONE FAMILY DWELLINGS,"1,214",1248,915000,2025-06-26T00:00:00.000
5,GRYMES HILL,01 ONE FAMILY DWELLINGS,"12,142",3284,450000,2024-11-15T00:00:00.000
4,QUEENS VILLAGE,01 ONE FAMILY DWELLINGS,"1,215",1632,670000,2025-05-02T00:00:00.000
4,RIDGEWOOD,02 TWO FAMILY DWELLINGS,"1,215",2400,1068000,2025-02-06T00:00:00.000
1,UPPER EAST SIDE (79-96),08 RENTALS - ELEVATOR APARTMENTS,"12,156",29987,50000000,2025-02-28T00:00:00.000
5,CONCORD,01 ONE FAMILY DWELLINGS,"1,216",1248,526000,2025-05-23T00:00:00.000
3,PARK SLOPE SOUTH,01 ONE FAMILY DWELLINGS,"1,217",976,2195000,2025-07-16T00:00:00.000
2,MORRISANIA/LONGWOOD,01 ONE FAMILY DWELLINGS,"1,218",1188,450000,2025-05-12T00:00:00.000
3,RED HOOK,31 COMMERCIAL VACANT LAND,"1,219",0,397500,2025-08-07T00:00:00.000
1,GREENWICH VILLAGE-CENTRAL,14 RENTALS - 4-10 UNIT,"1,220",3357,5700000,2025-06-12T00:00:00.000
3,BEDFORD STUYVESANT,02 TWO FAMILY DWELLINGS,"1,220",2400,1645000,2025-07-11T00:00:00.000
5,GREAT KILLS,01 ONE FAMILY DWELLINGS,"1,220",1380,560000,2024-11-01T00:00:00.000
5,GREAT KILLS,01 ONE FAMILY DWELLINGS,"1,220",1380,585000,2025-01-06T00:00:00.000
1,UPPER EAST SIDE (59-79),01 ONE FAMILY DWELLINGS,"1,222",2640,8000000,2025-03-10T00:00:00.000
5,GREAT KILLS,01 ONE FAMILY DWELLINGS,"1,222",1438,499999,2024-12-31T00:00:00.000
4,OZONE PARK,01 ONE FAMILY DWELLINGS,"1,223",732,622200,2025-07-09T00:00:00.000
1,UPPER EAST SIDE (59-79),22 STORE BUILDINGS,"1,224",2448,62588500,2025-10-21T00:00:00.000
3,CLINTON HILL,03 THREE FAMILY DWELLINGS,"1,224",2560,2262500,2025-01-10T00:00:00.000
1,MIDTOWN EAST,22 STORE BUILDINGS,"1,225",2400,830000,2024-11-04T00:00:00.000
2,BRONXDALE,01 ONE FAMILY DWELLINGS,"1,225",1440,520000,2025-02-12T00:00:00.000
3,SUNSET PARK,02 TWO FAMILY DWELLINGS,"1,225",1500,1600000,2025-02-03T00:00:00.000
3,WILLIAMSBURG-CENTRAL,02 TWO FAMILY DWELLINGS,"1,225",2625,1900000,2025-08-11T00:00:00.000
4,FAR ROCKAWAY,01 ONE FAMILY DWELLINGS,"1,225",525,390000,2025-08-13T00:00:00.000
4,FAR ROCKAWAY,01 ONE FAMILY DWELLINGS,"1,225",525,290000,2025-07-11T00:00:00.000
4,RIDGEWOOD,01 ONE FAMILY DWELLINGS,"1,225",1632,925000,2025-10-07T00:00:00.000
3,FLATBUSH-NORTH,02 TWO FAMILY DWELLINGS,"1,226",1584,800000,2025-05-06T00:00:00.000
3,BUSHWICK,07 RENTALS - WALKUP APARTMENTS,"1,229",3135,10670376,2025-06-13T00:00:00.000
4,CORONA,03 THREE FAMILY DWELLINGS,"1,229",2869,1480000,2025-08-12T00:00:00.000
1,SOHO,03 THREE FAMILY DWELLINGS,"1,230",2808,3165000,2025-01-15T00:00:00.000
3,BOERUM HILL,07 RENTALS - WALKUP APARTMENTS,"1,230",4160,1220800,2025-03-26T00:00:00.000
5,ELTINGVILLE,01 ONE FAMILY DWELLINGS,"1,230",1400,525000,2025-08-20T00:00:00.000
5,WEST NEW BRIGHTON,29 COMMERCIAL GARAGES,"12,300",3600,495000,2025-02-03T00:00:00.000
1,HARLEM-CENTRAL,02 TWO FAMILY DWELLINGS,"1,231",3240,2604204,2025-08-28T00:00:00.000
1,HARLEM-CENTRAL,02 TWO FAMILY DWELLINGS,"1,231",3280,1863000,2024-12-23T00:00:00.000
2,MORRIS PARK/VAN NEST,02 TWO FAMILY DWELLINGS,"1,232",2910,770000,2025-02-28T00:00:00.000
5,GREAT KILLS,01 ONE FAMILY DWELLINGS,"1,232",1350,590000,2024-11-25T00:00:00.000
5,ROSSVILLE-CHARLESTON,31 COMMERCIAL VACANT LAND,"123,200",0,525000,2025-09-18T00:00:00.000
5,ROSSVILLE-CHARLESTON,31 COMMERCIAL VACANT LAND,"123,200",0,3750000,2025-02-11T00:00:00.000
4,CORONA,37 RELIGIOUS FACILITIES,"1,234",2040,964000,2024-12-04T00:00:00.000
1,MIDTOWN CBD,21 OFFICE BUILDINGS,"12,341",210777,66244842,2025-10-10T00:00:00.000
5,ROSSVILLE-CHARLESTON,01 ONE FAMILY DWELLINGS,"12,348",1300,2000000,2024-11-13T00:00:00.000
4,NEPONSIT,01 ONE FAMILY DWELLINGS,"12,349",5506,7625000,2025-03-06T00:00:00.000
2,BAYCHESTER,06 TAX CLASS 1 - OTHER,"1,235",0,600000,2025-03-13T00:00:00.000
4,ASTORIA,02 TWO FAMILY DWELLINGS,"1,235",1152,2150000,2025-10-31T00:00:00.000
2,HIGHBRIDGE/MORRIS HEIGHTS,29 COMMERCIAL GARAGES,"12,350",24700,15000000,2025-01-23T00:00:00.000
4,FLORAL PARK,22 STORE BUILDINGS,"12,350",7500,6200000,2025-08-26T00:00:00.000
1,MIDTOWN CBD,21 OFFICE BUILDINGS,"12,359",238294,65500000,2024-11-14T00:00:00.000
2,BELMONT,02 TWO FAMILY DWELLINGS,"1,238",1412,545000,2024-11-08T00:00:00.000
3,COBBLE HILL,03 THREE FAMILY DWELLINGS,"1,238",3060,4000000,2025-06-05T00:00:00.000
3,BEDFORD STUYVESANT,02 TWO FAMILY DWELLINGS,"1,240",1920,670000,2025-09-17T00:00:00.000
5,MARINERS HARBOR,01 ONE FAMILY DWELLINGS,"1,240",960,449000,2024-11-06T00:00:00.000
5,NEW DORP-BEACH,01 ONE FAMILY DWELLINGS,"1,240",700,335000,2025-01-09T00:00:00.000
5,NEW DORP-BEACH,01 ONE FAMILY DWELLINGS,"1,240",680,399998,2025-06-04T00:00:00.000
5,NEW DORP-BEACH,05 TAX CLASS 1 VACANT LAND,"1,240",0,399998,2025-06-04T00:00:00.000
5,NEW DORP-BEACH,05 TAX CLASS 1 VACANT LAND,"1,240",0,399998,2025-06-04T00:00:00.000
1,FLATIRON,21 OFFICE BUILDINGS,"12,400",101724,38000000,2025-02-10T00:00:00.000
1,WASHINGTON HEIGHTS UPPER,08 RENTALS - ELEVATOR APARTMENTS,"12,400",51144,10400000,2024-11-15T00:00:00.000
3,DOWNTOWN-FULTON FERRY,08 RENTALS - ELEVATOR APARTMENTS,"12,400",28358,20300000,2025-08-07T00:00:00.000
3,KENSINGTON,29 COMMERCIAL GARAGES,"12,400",0,13500000,2025-07-24T00:00:00.000
3,PARK SLOPE SOUTH,01 ONE FAMILY DWELLINGS,"1,241",1674,2500000,2025-08-18T00:00:00.000
4,CORONA,03 THREE FAMILY DWELLINGS,"1,241",2036,1260000,2025-06-20T00:00:00.000
4,FLUSHING-NORTH,22 STORE BUILDINGS,"1,242",3109,1200000,2025-05-30T00:00:00.000
5,ROSSVILLE,01 ONE FAMILY DWELLINGS,"1,243",1900,610000,2025-08-19T00:00:00.000
1,HARLEM-EAST,37 RELIGIOUS FACILITIES,"1,244",2775,1076000,2025-09-29T00:00:00.000
1,UPPER EAST SIDE (59-79),01 ONE FAMILY DWELLINGS,"1,244",3360,7100000,2024-11-19T00:00:00.000
3,BUSHWICK,03 THREE FAMILY DWELLINGS,"1,244",3000,1600000,2025-10-27T00:00:00.000
3,CARROLL GARDENS,02 TWO FAMILY DWELLINGS,"1,245",2394,3620000,2025-02-28T00:00:00.000
5,CONCORD-FOX HILLS,01 ONE FAMILY DWELLINGS,"1,245",1365,600000,2025-09-17T00:00:00.000
4,SOUTH JAMAICA,01 ONE FAMILY DWELLINGS,"1,246",1625,895000,2025-05-23T00:00:00.000
4,ASTORIA,03 THREE FAMILY DWELLINGS,"1,247",1376,980000,2025-09-11T00:00:00.000
1,HARLEM-UPPER,02 TWO FAMILY DWELLINGS,"1,248",3328,2250000,2025-07-11T00:00:00.000
4,KEW GARDENS,01 ONE FAMILY DWELLINGS,"1,248",1024,768000,2025-07-28T00:00:00.000
5,NEW SPRINGVILLE,01 ONE FAMILY DWELLINGS,"1,248",756,603980,2025-03-26T00:00:00.000
3,BENSONHURST,22 STORE BUILDINGS,"12,482",5310,3700000,2025-05-14T00:00:00.000
2,FORDHAM,21 OFFICE BUILDINGS,"12,488",38964,4925012,2025-01-30T00:00:00.000
4,MASPETH,29 COMMERCIAL GARAGES,"12,489",0,4350000,2024-12-17T00:00:00.000
1,HARLEM-CENTRAL,07 RENTALS - WALKUP APARTMENTS,"1,249",2097,550000,2025-07-24T00:00:00.000
1,HARLEM-CENTRAL,37 RELIGIOUS FACILITIES,"1,249",2097,3500000,2025-04-30T00:00:00.000
1,HARLEM-CENTRAL,37 RELIGIOUS FACILITIES,"1,249",2097,3500000,2025-04-30T00:00:00.000
1,HARLEM-UPPER,02 TWO FAMILY DWELLINGS,"1,249",2400,1190000,2025-05-07T00:00:00.000
2,BELMONT,31 COMMERCIAL VACANT LAND,"1,249",0,8715000,2025-04-16T00:00:00.000
1,HARLEM-UPPER,08 RENTALS - ELEVATOR APARTMENTS,"12,490",57415,19400000,2025-07-10T00:00:00.000
2,KINGSBRIDGE/JEROME PARK,01 ONE FAMILY DWELLINGS,"1,250",1400,805000,2025-05-13T00:00:00.000
2,MELROSE/CONCOURSE,03 THREE FAMILY DWELLINGS,"1,250",2952,810000,2025-04-28T00:00:00.000
3,BOERUM HILL,02 TWO FAMILY DWELLINGS,"1,250",2445,4624000,2024-12-17T00:00:00.000
3,BUSHWICK,03 THREE FAMILY DWELLINGS,"1,250",2811,1575000,2025-10-31T00:00:00.000
3,CARROLL GARDENS,02 TWO FAMILY DWELLINGS,"1,250",2400,1825000,2025-02-07T00:00:00.000
3,MIDWOOD,02 TWO FAMILY DWELLINGS,"1,250",1404,789000,2025-09-30T00:00:00.000
3,PARK SLOPE SOUTH,02 TWO FAMILY DWELLINGS,"1,250",1534,1952500,2025-08-07T00:00:00.000
3,PARK SLOPE SOUTH,02 TWO FAMILY DWELLINGS,"1,250",1534,1450000,2025-05-29T00:00:00.000
3,WILLIAMSBURG-SOUTH,02 TWO FAMILY DWELLINGS,"1,250",1764,600000,2025-06-05T00:00:00.000
3,WILLIAMSBURG-SOUTH,14 RENTALS - 4-10 UNIT,"1,250",2625,3700000,2024-11-14T00:00:00.000
4,OZONE PARK,01 ONE FAMILY DWELLINGS,"1,250",898,550000,2025-03-10T00:00:00.000
4,RIDGEWOOD,02 TWO FAMILY DWELLINGS,"1,250",2800,850000,2024-11-13T00:00:00.000
4,WOODHAVEN,29 COMMERCIAL GARAGES,"1,250",0,650000,2025-03-31T00:00:00.000
1,MIDTOWN CBD,21 OFFICE BUILDINGS,"12,500",103178,68795174,2025-01-21T00:00:00.000
2,BEDFORD PARK/NORWOOD,08 RENTALS - ELEVATOR APARTMENTS,"12,500",67500,5750000,2025-06-25T00:00:00.000
2,CITY ISLAND-PELHAM STRIP,01 ONE FAMILY DWELLINGS,"12,500",4630,2820000,2024-11-21T00:00:00.000
2,FORDHAM,21 OFFICE BUILDINGS,"12,500",50000,7991420,2025-01-15T00:00:00.000
2,KINGSBRIDGE/JEROME PARK,30 WAREHOUSES,"12,500",12500,17100000,2025-10-12T00:00:00.000
2,MORRISANIA/LONGWOOD,22 STORE BUILDINGS,"12,500",20000,3950000,2025-08-26T00:00:00.000
2,PELHAM GARDENS,22 STORE BUILDINGS,"12,500",6055,5080000,2025-08-28T00:00:00.000
2,RIVERDALE,32 HOSPITAL AND HEALTH FACILITIES,"12,500",59499,10780000,2025-03-10T00:00:00.000
2,SCHUYLERVILLE/PELHAM BAY,08 RENTALS - ELEVATOR APARTMENTS,"12,500",42000,4214840,2025-05-16T00:00:00.000
4,CORONA,07 RENTALS - WALKUP APARTMENTS,"12,500",37948,8435000,2024-12-17T00:00:00.000
4,SUNNYSIDE,08 RENTALS - ELEVATOR APARTMENTS,"12,505",53100,8500000,2024-12-06T00:00:00.000
2,WAKEFIELD,03 THREE FAMILY DWELLINGS,"1,251",2754,660000,2025-06-16T00:00:00.000
3,PARK SLOPE SOUTH,01 ONE FAMILY DWELLINGS,"1,252",1244,1211718,2025-07-03T00:00:00.000
3,PARK SLOPE SOUTH,01 ONE FAMILY DWELLINGS,"1,252",1234,2350000,2025-06-27T00:00:00.000
5,ROSEBANK,01 ONE FAMILY DWELLINGS,"1,252",1144,490000,2025-03-10T00:00:00.000
3,COBBLE HILL,02 TWO FAMILY DWELLINGS,"1,253",2160,3650000,2025-08-07T00:00:00.000
4,OZONE PARK,02 TWO FAMILY DWELLINGS,"1,253",1280,950000,2025-06-11T00:00:00.000
4,REGO PARK,02 TWO FAMILY DWELLINGS,"1,254",1224,985000,2025-06-24T00:00:00.000
5,BULLS HEAD,01 ONE FAMILY DWELLINGS,"1,254",1250,560000,2025-06-02T00:00:00.000
1,UPPER EAST SIDE (59-79),01 ONE FAMILY DWELLINGS,"1,255",2720,8000000,2025-03-10T00:00:00.000
1,UPPER EAST SIDE (59-79),01 ONE FAMILY DWELLINGS,"1,255",3068,6150000,2024-11-22T00:00:00.000
1,CLINTON,08 RENTALS - ELEVATOR APARTMENTS,"12,552",100142,623731,2025-06-05T00:00:00.000
1,CLINTON,08 RENTALS - ELEVATOR APARTMENTS,"12,552",100142,813551,2025-06-17T00:00:00.000
4,ASTORIA,02 TWO FAMILY DWELLINGS,"1,256",2262,1159118,2025-02-14T00:00:00.000
4,ASTORIA,02 TWO FAMILY DWELLINGS,"1,256",2262,1170000,2025-02-27T00:00:00.000
4,ASTORIA,02 TWO FAMILY DWELLINGS,"1,256",2262,1155000,2025-03-14T00:00:00.000
1,SOHO,14 RENTALS - 4-10 UNIT,"1,257",3655,5700000,2024-12-19T00:00:00.000
4,WHITESTONE,01 ONE FAMILY DWELLINGS,"12,571",5000,2900000,2025-05-14T00:00:00.000
1,UPPER EAST SIDE (79-96),02 TWO FAMILY DWELLINGS,"1,258",1992,3800000,2025-04-22T00:00:00.000
2,RIVERDALE,01 ONE FAMILY DWELLINGS,"12,594",1950,975000,2025-01-27T00:00:00.000
1,UPPER EAST SIDE (59-79),14 RENTALS - 4-10 UNIT,"1,260",5058,4700000,2025-07-07T00:00:00.000
2,HIGHBRIDGE/MORRIS HEIGHTS,01 ONE FAMILY DWELLINGS,"1,260",1392,1350000,2025-05-06T00:00:00.000
2,SCHUYLERVILLE/PELHAM BAY,01 ONE FAMILY DWELLINGS,"1,260",1533,689000,2025-10-14T00:00:00.000
3,BATH BEACH,01 ONE FAMILY DWELLINGS,"1,260",1440,800000,2025-03-10T00:00:00.000
3,BUSHWICK,03 THREE FAMILY DWELLINGS,"1,260",2265,1300000,2025-04-10T00:00:00.000
3,CLINTON HILL,02 TWO FAMILY DWELLINGS,"1,260",2436,2310000,2025-05-27T00:00:00.000
3,FLATBUSH-EAST,02 TWO FAMILY DWELLINGS,"1,260",1120,450000,2025-02-13T00:00:00.000
3,GERRITSEN BEACH,01 ONE FAMILY DWELLINGS,"1,260",2256,1100000,2025-09-26T00:00:00.000
4,ASTORIA,02 TWO FAMILY DWELLINGS,"1,260",1728,922000,2025-09-11T00:00:00.000
5,ARDEN HEIGHTS,01 ONE FAMILY DWELLINGS,"1,260",1008,499999,2025-08-06T00:00:00.000
5,MANOR HEIGHTS,01 ONE FAMILY DWELLINGS,"1,260",1806,615000,2025-05-21T00:00:00.000
5,ROSSVILLE,01 ONE FAMILY DWELLINGS,"1,260",1188,488500,2024-12-03T00:00:00.000
2,BEDFORD PARK/NORWOOD,08 RENTALS - ELEVATOR APARTMENTS,"12,600",68040,5472420,2025-05-16T00:00:00.000
2,MOUNT HOPE/MOUNT EDEN,08 RENTALS - ELEVATOR APARTMENTS,"12,600",66000,4500000,2025-03-01T00:00:00.000
3,WILLIAMSBURG-SOUTH,21 OFFICE BUILDINGS,"12,606",57425,28700000,2025-04-02T00:00:00.000
5,HUGUENOT,02 TWO FAMILY DWELLINGS,"12,606",5580,1450000,2025-08-08T00:00:00.000
2,KINGSBRIDGE HTS/UNIV HTS,05 TAX CLASS 1 VACANT LAND,"12,617",0,4353187,2025-06-30T00:00:00.000
5,ROSSVILLE,01 ONE FAMILY DWELLINGS,"1,264",1600,605000,2025-10-27T00:00:00.000
5,EMERSON HILL,01 ONE FAMILY DWELLINGS,"12,640",4300,850000,2025-06-25T00:00:00.000
3,GRAVESEND,14 RENTALS - 4-10 UNIT,"1,265",2530,1388000,2025-04-22T00:00:00.000
3,GOWANUS,31 COMMERCIAL VACANT LAND,"12,662",0,22000000,2024-11-06T00:00:00.000
5,ARDEN HEIGHTS,01 ONE FAMILY DWELLINGS,"1,267",1240,650000,2025-03-24T00:00:00.000
3,CLINTON HILL,03 THREE FAMILY DWELLINGS,"1,269",2400,2815000,2024-12-19T00:00:00.000
3,EAST NEW YORK,01 ONE FAMILY DWELLINGS,"1,269",1283,430000,2025-04-23T00:00:00.000
3,BAY RIDGE,41 TAX CLASS 4 - OTHER,"12,690",0,3779865,2025-09-11T00:00:00.000
3,OCEAN PARKWAY-SOUTH,02 TWO FAMILY DWELLINGS,"1,270",2000,995000,2025-10-09T00:00:00.000
4,SUNNYSIDE,01 ONE FAMILY DWELLINGS,"1,270",1472,1560000,2025-10-21T00:00:00.000
5,GRYMES HILL,01 ONE FAMILY DWELLINGS,"12,700",2992,1049000,2025-09-10T00:00:00.000
1,LOWER EAST SIDE,07 RENTALS - WALKUP APARTMENTS,"1,273",6300,4750000,2025-05-05T00:00:00.000
4,WOODSIDE,02 TWO FAMILY DWELLINGS,"1,274",1544,1256000,2025-02-20T00:00:00.000
5,ELTINGVILLE,01 ONE FAMILY DWELLINGS,"1,274",1240,620000,2025-08-25T00:00:00.000
5,TOMPKINSVILLE,02 TWO FAMILY DWELLINGS,"1,274",1493,495000,2025-08-08T00:00:00.000
3,CARROLL GARDENS,02 TWO FAMILY DWELLINGS,"1,275",1952,3860000,2025-07-25T00:00:00.000
3,EAST NEW YORK,03 THREE FAMILY DWELLINGS,"1,275",1680,999990,2025-08-28T00:00:00.000
3,NAVY YARD,01 ONE FAMILY DWELLINGS,"1,275",2295,2585000,2025-08-01T00:00:00.000
3,NAVY YARD,01 ONE FAMILY DWELLINGS,"1,275",2295,2637500,2024-11-14T00:00:00.000
3,WILLIAMSBURG-NORTH,03 THREE FAMILY DWELLINGS,"1,275",2400,3150000,2024-12-20T00:00:00.000
4,GLENDALE,02 TWO FAMILY DWELLINGS,"1,275",2040,942000,2025-10-23T00:00:00.000
5,PRINCES BAY,01 ONE FAMILY DWELLINGS,"1,275",1305,550000,2025-05-07T00:00:00.000
2,WAKEFIELD,01 ONE FAMILY DWELLINGS,"1,276",1316,260500,2025-01-18T00:00:00.000
4,WOODSIDE,29 COMMERCIAL GARAGES,"12,762",4395,5000000,2025-05-29T00:00:00.000
3,CONEY ISLAND,29 COMMERCIAL GARAGES,"12,763",0,1300000,2025-01-17T00:00:00.000
3,DYKER HEIGHTS,02 TWO FAMILY DWELLINGS,"1,277",1916,1370000,2025-05-30T00:00:00.000
1,UPPER EAST SIDE (59-79),22 STORE BUILDINGS,"1,278",3764,5000000,2025-08-18T00:00:00.000
2,MORRIS PARK/VAN NEST,02 TWO FAMILY DWELLINGS,"1,278",1728,650000,2025-06-24T00:00:00.000
3,PARK SLOPE,14 RENTALS - 4-10 UNIT,"1,279",4800,7175000,2025-04-24T00:00:00.000
4,ASTORIA,02 TWO FAMILY DWELLINGS,"1,279",2301,1290000,2025-05-09T00:00:00.000
1,HARLEM-CENTRAL,02 TWO FAMILY DWELLINGS,"1,280",3619,2499995,2025-01-16T00:00:00.000
1,HARLEM-CENTRAL,02 TWO FAMILY DWELLINGS,"1,280",3615,2750000,2025-02-21T00:00:00.000
3,GRAVESEND,01 ONE FAMILY DWELLINGS,"1,280",992,905000,2024-12-11T00:00:00.000
3,OCEAN HILL,02 TWO FAMILY DWELLINGS,"1,280",1188,1300000,2024-11-26T00:00:00.000
4,ASTORIA,02 TWO FAMILY DWELLINGS,"1,280",2000,5300000,2025-01-29T00:00:00.000
4,CAMBRIA HEIGHTS,01 ONE FAMILY DWELLINGS,"1,280",1496,455000,2025-03-31T00:00:00.000
4,CAMBRIA HEIGHTS,01 ONE FAMILY DWELLINGS,"1,280",1496,680000,2025-09-22T00:00:00.000
4,LITTLE NECK,05 TAX CLASS 1 VACANT LAND,"1,280",0,1380000,2025-01-23T00:00:00.000
5,ARDEN HEIGHTS,01 ONE FAMILY DWELLINGS,"1,280",1088,635000,2025-03-19T00:00:00.000
5,ARDEN HEIGHTS,01 ONE FAMILY DWELLINGS,"1,280",1112,630000,2025-03-20T00:00:00.000
5,ARDEN HEIGHTS,01 ONE FAMILY DWELLINGS,"1,280",1088,635000,2025-07-09T00:00:00.000
5,ARDEN HEIGHTS,01 ONE FAMILY DWELLINGS,"1,280",1427,628000,2025-08-13T00:00:00.000
5,WEST NEW BRIGHTON,01 ONE FAMILY DWELLINGS,"1,280",1280,390000,2024-11-29T00:00:00.000
3,COBBLE HILL,02 TWO FAMILY DWELLINGS,"1,283",2912,3450000,2025-07-31T00:00:00.000
3,SUNSET PARK,02 TWO FAMILY DWELLINGS,"1,283",1992,1500000,2025-01-24T00:00:00.000
1,CHELSEA,37 RELIGIOUS FACILITIES,"12,838",31797,48250000,2025-07-25T00:00:00.000
4,FLUSHING-NORTH,02 TWO FAMILY DWELLINGS,"1,285",1762,1488888,2025-10-17T00:00:00.000
3,SHEEPSHEAD BAY,01 ONE FAMILY DWELLINGS,"1,287",1648,850000,2025-05-13T00:00:00.000
5,WEST NEW BRIGHTON,01 ONE FAMILY DWELLINGS,"1,288",1176,507751,2024-12-19T00:00:00.000
1,UPPER EAST SIDE (59-79),01 ONE FAMILY DWELLINGS,"1,289",2880,4295000,2025-05-28T00:00:00.000
1,UPPER EAST SIDE (59-79),02 TWO FAMILY DWELLINGS,"1,289",2880,4385000,2025-06-05T00:00:00.000
1,UPPER EAST SIDE (59-79),03 THREE FAMILY DWELLINGS,"1,289",3024,5275000,2024-12-16T00:00:00.000
3,GOWANUS,03 THREE FAMILY DWELLINGS,"1,289",3040,2090000,2025-09-09T00:00:00.000
1,HARLEM-CENTRAL,37 RELIGIOUS FACILITIES,"12,890",11588,9250000,2025-06-04T00:00:00.000
3,BEDFORD STUYVESANT,02 TWO FAMILY DWELLINGS,"1,290",1800,999343,2025-02-14T00:00:00.000
3,BEDFORD STUYVESANT,02 TWO FAMILY DWELLINGS,"1,290",4160,999343,2025-02-14T00:00:00.000
3,BEDFORD STUYVESANT,05 TAX CLASS 1 VACANT LAND,"1,290",0,353376,2025-02-14T00:00:00.000
3,FLATBUSH-CENTRAL,02 TWO FAMILY DWELLINGS,"1,290",2120,700000,2025-07-29T00:00:00.000
5,ELTINGVILLE,01 ONE FAMILY DWELLINGS,"1,290",2500,649000,2024-12-18T00:00:00.000
5,MARINERS HARBOR,01 ONE FAMILY DWELLINGS,"1,290",1000,450000,2024-12-18T00:00:00.000
5,ROSSVILLE,01 ONE FAMILY DWELLINGS,"1,290",1270,570000,2024-12-19T00:00:00.000
3,FLATBUSH-CENTRAL,02 TWO FAMILY DWELLINGS,"1,291",3460,1300000,2025-09-12T00:00:00.000
3,GREENPOINT,07 RENTALS - WALKUP APARTMENTS,"1,291",6500,6639875,2025-09-05T00:00:00.000
5,ARROCHAR,05 TAX CLASS 1 VACANT LAND,"129,130",0,2950000,2024-11-26T00:00:00.000
1,UPPER EAST SIDE (59-79),35 INDOOR PUBLIC AND CULTURAL FACILITIES,"12,920",50560,100000000,2024-11-01T00:00:00.000
3,BENSONHURST,22 STORE BUILDINGS,"1,293",2480,2045000,2025-09-12T00:00:00.000
1,GREENWICH VILLAGE-WEST,01 ONE FAMILY DWELLINGS,"1,294",1008,6400000,2024-11-01T00:00:00.000
1,GREENWICH VILLAGE-WEST,02 TWO FAMILY DWELLINGS,"1,294",1398,8000000,2025-06-27T00:00:00.000
2,BEDFORD PARK/NORWOOD,07 RENTALS - WALKUP APARTMENTS,"12,943",54200,3900000,2025-07-24T00:00:00.000
5,TOTTENVILLE,01 ONE FAMILY DWELLINGS,"12,945",4170,670970,2025-08-14T00:00:00.000
4,JAMAICA ESTATES,01 ONE FAMILY DWELLINGS,"12,956",2417,1500000,2025-09-10T00:00:00.000
4,REGO PARK,02 TWO FAMILY DWELLINGS,"1,296",1422,700000,2025-02-11T00:00:00.000
4,REGO PARK,02 TWO FAMILY DWELLINGS,"1,296",1422,1100000,2025-07-28T00:00:00.000
5,TOMPKINSVILLE,01 ONE FAMILY DWELLINGS,"1,296",1312,505000,2025-02-14T00:00:00.000
3,COBBLE HILL,03 THREE FAMILY DWELLINGS,"1,297",2220,3340000,2025-03-14T00:00:00.000
1,UPPER EAST SIDE (59-79),01 ONE FAMILY DWELLINGS,"1,300",2853,5800000,2025-07-18T00:00:00.000
2,MELROSE/CONCOURSE,03 THREE FAMILY DWELLINGS,"1,300",2460,950000,2024-12-23T00:00:00.000
2,WILLIAMSBRIDGE,01 ONE FAMILY DWELLINGS,"1,300",1088,440000,2025-01-29T00:00:00.000
2,WILLIAMSBRIDGE,01 ONE FAMILY DWELLINGS,"1,300",1088,699500,2025-09-29T00:00:00.000
3,BUSHWICK,03 THREE FAMILY DWELLINGS,"1,300",2888,10670376,2025-06-13T00:00:00.000
3,DYKER HEIGHTS,01 ONE FAMILY DWELLINGS,"1,300",1320,1050000,2025-06-25T00:00:00.000
3,FLATBUSH-NORTH,01 ONE FAMILY DWELLINGS,"1,300",960,525000,2025-01-02T00:00:00.000
3,FLATBUSH-NORTH,01 ONE FAMILY DWELLINGS,"1,300",960,975000,2025-09-29T00:00:00.000
3,GOWANUS,02 TWO FAMILY DWELLINGS,"1,300",1662,1975000,2025-07-24T00:00:00.000
3,KENSINGTON,02 TWO FAMILY DWELLINGS,"1,300",1948,2000000,2025-06-02T00:00:00.000
3,OLD MILL BASIN,01 ONE FAMILY DWELLINGS,"1,300",983,665000,2025-09-08T00:00:00.000
3,WINDSOR TERRACE,02 TWO FAMILY DWELLINGS,"1,300",2430,2800000,2024-12-30T00:00:00.000
4,MASPETH,01 ONE FAMILY DWELLINGS,"1,300",1179,675000,2025-02-28T00:00:00.000
4,OZONE PARK,02 TWO FAMILY DWELLINGS,"1,300",1680,890000,2025-04-24T00:00:00.000
5,ARDEN HEIGHTS,01 ONE FAMILY DWELLINGS,"1,300",1060,655000,2025-08-22T00:00:00.000
5,MIDLAND BEACH,01 ONE FAMILY DWELLINGS,"1,300",1300,560000,2025-02-05T00:00:00.000
5,MIDLAND BEACH,01 ONE FAMILY DWELLINGS,"1,300",1300,620000,2025-06-02T00:00:00.000
5,NEW DORP-BEACH,01 ONE FAMILY DWELLINGS,"1,300",1140,575000,2025-08-12T00:00:00.000
5,ROSEBANK,01 ONE FAMILY DWELLINGS,"1,300",1144,650000,2025-09-29T00:00:00.000
5,ROSEBANK,01 ONE FAMILY DWELLINGS,"1,300",1144,536000,2025-02-21T00:00:00.000
5,ROSEBANK,01 ONE FAMILY DWELLINGS,"1,300",1144,580000,2025-09-15T00:00:00.000
2,KINGSBRIDGE HTS/UNIV HTS,08 RENTALS - ELEVATOR APARTMENTS,"13,000",58824,4947220,2025-05-16T00:00:00.000
2,MORRIS PARK/VAN NEST,01 ONE FAMILY DWELLINGS,"1,301",1528,710000,2025-07-08T00:00:00.000
3,BENSONHURST,01 ONE FAMILY DWELLINGS,"1,301",1750,1500000,2025-07-28T00:00:00.000
4,LONG ISLAND CITY,30 WAREHOUSES,"13,010",8845,4500000,2025-08-15T00:00:00.000
4,LONG ISLAND CITY,29 COMMERCIAL GARAGES,"13,015",0,9000000,2025-03-12T00:00:00.000
4,JACKSON HEIGHTS,22 STORE BUILDINGS,"13,035",21856,23400000,2025-04-25T00:00:00.000
3,CANARSIE,03 THREE FAMILY DWELLINGS,"1,304",2436,692760,2025-03-14T00:00:00.000
2,MOTT HAVEN/PORT MORRIS,27 FACTORIES,"13,044",27425,6000000,2025-09-04T00:00:00.000
3,PARK SLOPE SOUTH,02 TWO FAMILY DWELLINGS,"1,305",2672,2900000,2025-07-29T00:00:00.000
5,ELTINGVILLE,01 ONE FAMILY DWELLINGS,"1,305",1400,635000,2025-07-23T00:00:00.000
3,GOWANUS,02 TWO FAMILY DWELLINGS,"1,306",1662,2787000,2025-02-13T00:00:00.000
3,FORT GREENE,02 TWO FAMILY DWELLINGS,"1,307",2190,2675000,2025-07-22T00:00:00.000
3,OCEAN HILL,02 TWO FAMILY DWELLINGS,"1,307",1408,1040000,2025-02-18T00:00:00.000
3,WILLIAMSBURG-CENTRAL,22 STORE BUILDINGS,"1,307",3021,1900000,2025-08-11T00:00:00.000
5,SOUTH BEACH,01 ONE FAMILY DWELLINGS,"1,310",1050,625000,2025-01-27T00:00:00.000
5,WOODROW,01 ONE FAMILY DWELLINGS,"1,310",1435,624000,2025-07-16T00:00:00.000
3,DOWNTOWN-FULTON MALL,22 STORE BUILDINGS,"13,100",58300,1000000,2024-12-20T00:00:00.000
3,CROWN HEIGHTS,31 COMMERCIAL VACANT LAND,"13,109",0,45000000,2025-09-16T00:00:00.000
1,EAST VILLAGE,02 TWO FAMILY DWELLINGS,"1,311",4136,6350000,2025-05-05T00:00:00.000
5,BULLS HEAD,01 ONE FAMILY DWELLINGS,"1,312",1324,525000,2025-01-31T00:00:00.000
5,WESTERLEIGH,01 ONE FAMILY DWELLINGS,"1,312",1600,605000,2024-12-05T00:00:00.000
5,WOODROW,01 ONE FAMILY DWELLINGS,"1,312",1032,550000,2025-03-27T00:00:00.000
3,CROWN HEIGHTS,02 TWO FAMILY DWELLINGS,"1,313",1839,1700000,2025-02-21T00:00:00.000
4,WOODHAVEN,01 ONE FAMILY DWELLINGS,"1,313",1152,627500,2025-06-20T00:00:00.000
2,RIVERDALE,01 ONE FAMILY DWELLINGS,"13,138",5183,2037300,2025-10-10T00:00:00.000
5,BULLS HEAD,01 ONE FAMILY DWELLINGS,"1,314",1410,641000,2025-05-23T00:00:00.000
2,THROGS NECK,01 ONE FAMILY DWELLINGS,"1,315",763,545000,2025-07-31T00:00:00.000
2,MELROSE/CONCOURSE,07 RENTALS - WALKUP APARTMENTS,"13,150",45500,2475000,2024-12-30T00:00:00.000
5,ANNADALE,01 ONE FAMILY DWELLINGS,"13,150",3790,1450000,2025-07-15T00:00:00.000
2,COUNTRY CLUB,01 ONE FAMILY DWELLINGS,"1,316",1224,585000,2025-05-29T00:00:00.000
3,EAST NEW YORK,02 TWO FAMILY DWELLINGS,"1,317",1560,740000,2024-12-03T00:00:00.000
3,OCEAN PARKWAY-NORTH,01 ONE FAMILY DWELLINGS,"1,317",1922,1780000,2025-07-01T00:00:00.000
3,GOWANUS,02 TWO FAMILY DWELLINGS,"1,318",1662,2900000,2025-09-12T00:00:00.000
2,KINGSBRIDGE/JEROME PARK,01 ONE FAMILY DWELLINGS,"13,189",2304,2550000,2025-05-13T00:00:00.000
1,MIDTOWN CBD,22 STORE BUILDINGS,"1,320",4800,650000,2024-12-20T00:00:00.000
1,MIDTOWN CBD,22 STORE BUILDINGS,"1,320",1960,650000,2024-12-20T00:00:00.000
1,MURRAY HILL,21 OFFICE BUILDINGS,"1,320",3982,3000000,2025-04-24T00:00:00.000
2,MELROSE/CONCOURSE,02 TWO FAMILY DWELLINGS,"1,320",1552,660000,2024-11-13T00:00:00.000
3,BENSONHURST,02 TWO FAMILY DWELLINGS,"1,320",1500,1100000,2025-07-08T00:00:00.000
3,COBBLE HILL,02 TWO FAMILY DWELLINGS,"1,320",2352,5625000,2025-08-11T00:00:00.000
3,OCEAN HILL,02 TWO FAMILY DWELLINGS,"1,320",2160,860000,2025-08-14T00:00:00.000
3,WILLIAMSBURG-EAST,03 THREE FAMILY DWELLINGS,"1,320",2160,3259479,2025-07-17T00:00:00.000
4,CORONA,02 TWO FAMILY DWELLINGS,"1,320",1240,830000,2025-10-24T00:00:00.000
4,FLUSHING-NORTH,22 STORE BUILDINGS,"1,320",3340,1500000,2025-06-09T00:00:00.000
4,OZONE PARK,01 ONE FAMILY DWELLINGS,"1,320",1382,770000,2025-06-23T00:00:00.000
4,WOODHAVEN,02 TWO FAMILY DWELLINGS,"1,320",1298,820000,2025-07-18T00:00:00.000
5,MIDLAND BEACH,01 ONE FAMILY DWELLINGS,"1,320",432,395000,2025-03-28T00:00:00.000
5,NEW DORP-BEACH,01 ONE FAMILY DWELLINGS,"1,320",504,250000,2025-05-07T00:00:00.000
5,PRINCES BAY,01 ONE FAMILY DWELLINGS,"1,320",1305,615000,2025-03-05T00:00:00.000
2,SCHUYLERVILLE/PELHAM BAY,07 RENTALS - WALKUP APARTMENTS,"13,210",37740,3800000,2025-04-22T00:00:00.000
4,FLUSHING-NORTH,08 RENTALS - ELEVATOR APARTMENTS,"13,213",57457,11500000,2025-08-07T00:00:00.000
4,LONG ISLAND CITY,30 WAREHOUSES,"13,216",13850,10160141,2025-08-05T00:00:00.000
5,MIDLAND BEACH,01 ONE FAMILY DWELLINGS,"1,323",500,364894,2025-07-02T00:00:00.000
3,BEDFORD STUYVESANT,02 TWO FAMILY DWELLINGS,"1,325",1237,1200000,2024-11-27T00:00:00.000
3,CROWN HEIGHTS,07 RENTALS - WALKUP APARTMENTS,"1,325",3940,1815000,2025-05-15T00:00:00.000
3,DYKER HEIGHTS,01 ONE FAMILY DWELLINGS,"1,325",1072,800000,2025-04-07T00:00:00.000
4,FLUSHING-NORTH,03 THREE FAMILY DWELLINGS,"1,325",3500,1550000,2025-03-19T00:00:00.000
4,SO. JAMAICA-BAISLEY PARK,01 ONE FAMILY DWELLINGS,"1,325",730,599000,2025-05-14T00:00:00.000
5,PRINCES BAY,01 ONE FAMILY DWELLINGS,"13,258",3020,1060000,2025-01-16T00:00:00.000
2,SCHUYLERVILLE/PELHAM BAY,01 ONE FAMILY DWELLINGS,"1,326",1355,625000,2025-02-28T00:00:00.000
3,BAY RIDGE,29 COMMERCIAL GARAGES,"1,326",1028,500000,2024-11-01T00:00:00.000
3,CONEY ISLAND,01 ONE FAMILY DWELLINGS,"1,326",1680,655000,2025-02-25T00:00:00.000
3,SUNSET PARK,01 ONE FAMILY DWELLINGS,"1,327",978,990000,2025-10-21T00:00:00.000
5,MARINERS HARBOR,01 ONE FAMILY DWELLINGS,"13,275",1678,650000,2025-05-30T00:00:00.000
3,COBBLE HILL,07 RENTALS - WALKUP APARTMENTS,"1,328",3000,4165250,2025-02-28T00:00:00.000
3,COBBLE HILL,07 RENTALS - WALKUP APARTMENTS,"1,328",3000,4165250,2025-02-28T00:00:00.000
4,CAMBRIA HEIGHTS,01 ONE FAMILY DWELLINGS,"1,328",864,588000,2025-06-30T00:00:00.000
4,CAMBRIA HEIGHTS,01 ONE FAMILY DWELLINGS,"1,328",963,410000,2025-02-27T00:00:00.000
5,WOODROW,01 ONE FAMILY DWELLINGS,"1,328",1570,630000,2025-07-18T00:00:00.000
2,WILLIAMSBRIDGE,05 TAX CLASS 1 VACANT LAND,"1,329",0,431328,2025-05-14T00:00:00.000
3,BENSONHURST,01 ONE FAMILY DWELLINGS,"1,329",1262,980000,2025-10-27T00:00:00.000
4,FAR ROCKAWAY,29 COMMERCIAL GARAGES,"13,294",0,5850000,2025-03-25T00:00:00.000
3,DOWNTOWN-METROTECH,08 RENTALS - ELEVATOR APARTMENTS,"13,295",108501,176073,2025-04-30T00:00:00.000
1,GREENWICH VILLAGE-WEST,07 RENTALS - WALKUP APARTMENTS,"1,330",1330,1650000,2025-01-30T00:00:00.000
5,MARINERS HARBOR,01 ONE FAMILY DWELLINGS,"1,330",1120,465000,2024-12-30T00:00:00.000
1,FASHION,21 OFFICE BUILDINGS,"13,300",234846,75250000,2025-01-16T00:00:00.000
3,BEDFORD STUYVESANT,02 TWO FAMILY DWELLINGS,"1,331",2415,1021100,2025-07-16T00:00:00.000
3,CLINTON HILL,02 TWO FAMILY DWELLINGS,"1,332",2700,3265000,2025-04-29T00:00:00.000
4,MIDDLE VILLAGE,01 ONE FAMILY DWELLINGS,"1,332",1741,910000,2025-07-16T00:00:00.000
3,BEDFORD STUYVESANT,02 TWO FAMILY DWELLINGS,"1,333",2432,2850000,2025-04-03T00:00:00.000
3,BEDFORD STUYVESANT,03 THREE FAMILY DWELLINGS,"1,333",2458,2040000,2025-06-06T00:00:00.000
3,BUSHWICK,02 TWO FAMILY DWELLINGS,"1,333",2001,950000,2025-07-30T00:00:00.000
3,CARROLL GARDENS,02 TWO FAMILY DWELLINGS,"1,333",2392,3295000,2025-01-06T00:00:00.000
3,FLATBUSH-CENTRAL,03 THREE FAMILY DWELLINGS,"1,333",2838,682000,2025-03-10T00:00:00.000
3,PARK SLOPE SOUTH,02 TWO FAMILY DWELLINGS,"1,333",1365,1280000,2025-06-30T00:00:00.000
4,WOODHAVEN,01 ONE FAMILY DWELLINGS,"1,333",1308,654500,2025-08-04T00:00:00.000
5,MANOR HEIGHTS,01 ONE FAMILY DWELLINGS,"1,333",1290,580000,2024-11-15T00:00:00.000
5,NEW DORP-BEACH,01 ONE FAMILY DWELLINGS,"1,333",1140,549900,2025-08-21T00:00:00.000
3,FLATBUSH-NORTH,22 STORE BUILDINGS,"13,331",3400,2225000,2025-05-06T00:00:00.000
2,WILLIAMSBRIDGE,02 TWO FAMILY DWELLINGS,"1,335",1566,685000,2024-12-12T00:00:00.000
4,RIDGEWOOD,02 TWO FAMILY DWELLINGS,"1,335",3600,5300000,2025-02-06T00:00:00.000
5,BULLS HEAD,01 ONE FAMILY DWELLINGS,"1,335",953,495000,2025-03-24T00:00:00.000
5,ROSSVILLE,01 ONE FAMILY DWELLINGS,"1,335",1056,485000,2025-03-13T00:00:00.000
5,TOMPKINSVILLE,01 ONE FAMILY DWELLINGS,"1,335",1176,570000,2025-03-12T00:00:00.000
3,PARK SLOPE SOUTH,02 TWO FAMILY DWELLINGS,"1,339",1600,2850000,2024-12-10T00:00:00.000
3,GOWANUS,02 TWO FAMILY DWELLINGS,"1,340",900,1600000,2025-08-27T00:00:00.000
2,BAYCHESTER,21 OFFICE BUILDINGS,"13,400",5805,1770000,2025-01-02T00:00:00.000
5,TODT HILL,01 ONE FAMILY DWELLINGS,"13,400",4615,1955000,2025-04-30T00:00:00.000
2,MORRIS PARK/VAN NEST,02 TWO FAMILY DWELLINGS,"1,341",1528,845000,2025-03-31T00:00:00.000
3,CLINTON HILL,02 TWO FAMILY DWELLINGS,"1,342",3690,1800000,2025-03-05T00:00:00.000
4,WOODHAVEN,01 ONE FAMILY DWELLINGS,"1,342",2600,900000,2025-01-30T00:00:00.000
1,HARLEM-CENTRAL,01 ONE FAMILY DWELLINGS,"1,343",3400,2825000,2025-05-15T00:00:00.000
2,RIVERDALE,01 ONE FAMILY DWELLINGS,"1,343",1232,795000,2025-03-31T00:00:00.000
4,WOODHAVEN,01 ONE FAMILY DWELLINGS,"1,343",1344,500000,2024-11-15T00:00:00.000
3,FLATBUSH-EAST,01 ONE FAMILY DWELLINGS,"1,344",1176,732500,2025-08-27T00:00:00.000
2,PARKCHESTER,03 THREE FAMILY DWELLINGS,"1,345",2050,850000,2025-07-24T00:00:00.000
4,FOREST HILLS,01 ONE FAMILY DWELLINGS,"1,345",942,875000,2025-06-27T00:00:00.000
4,JAMAICA,22 STORE BUILDINGS,"13,460",19000,6750000,2025-04-09T00:00:00.000
5,ROSSVILLE-CHARLESTON,31 COMMERCIAL VACANT LAND,"13,468",0,1000000,2025-03-21T00:00:00.000
5,ROSSVILLE-CHARLESTON,31 COMMERCIAL VACANT LAND,"13,468",0,1375000,2025-10-09T00:00:00.000
5,ANNADALE,02 TWO FAMILY DWELLINGS,"13,475",4550,775000,2024-11-18T00:00:00.000
2,EAST TREMONT,03 THREE FAMILY DWELLINGS,"1,348",2931,954500,2025-07-10T00:00:00.000
2,MELROSE/CONCOURSE,07 RENTALS - WALKUP APARTMENTS,"13,480",55084,4500000,2024-11-14T00:00:00.000
3,OCEAN HILL,02 TWO FAMILY DWELLINGS,"1,349",1880,800000,2025-02-18T00:00:00.000
3,GREENPOINT,41 TAX CLASS 4 - OTHER,"13,491",0,160000000,2025-08-13T00:00:00.000
1,GREENWICH VILLAGE-WEST,02 TWO FAMILY DWELLINGS,"1,350",2664,2800000,2025-09-26T00:00:00.000
2,THROGS NECK,01 ONE FAMILY DWELLINGS,"1,350",1224,665000,2025-05-16T00:00:00.000
2,THROGS NECK,01 ONE FAMILY DWELLINGS,"1,350",1224,415000,2025-01-09T00:00:00.000
2,WAKEFIELD,01 ONE FAMILY DWELLINGS,"1,350",1224,690000,2024-12-30T00:00:00.000
3,BEDFORD STUYVESANT,01 ONE FAMILY DWELLINGS,"1,350",1080,1295000,2025-09-15T00:00:00.000
3,BOERUM HILL,01 ONE FAMILY DWELLINGS,"1,350",2064,3325000,2025-10-10T00:00:00.000
3,BUSHWICK,07 RENTALS - WALKUP APARTMENTS,"1,350",3240,1700000,2025-06-09T00:00:00.000
3,CARROLL GARDENS,03 THREE FAMILY DWELLINGS,"1,350",3144,2500000,2024-12-03T00:00:00.000
3,EAST NEW YORK,01 ONE FAMILY DWELLINGS,"1,350",1116,430000,2025-08-07T00:00:00.000
3,FLATBUSH-EAST,01 ONE FAMILY DWELLINGS,"1,350",1164,203810,2025-02-17T00:00:00.000
3,MIDWOOD,01 ONE FAMILY DWELLINGS,"1,350",1188,875000,2025-07-17T00:00:00.000
3,PARK SLOPE,14 RENTALS - 4-10 UNIT,"1,350",4504,24000000,2025-09-18T00:00:00.000
3,PARK SLOPE,14 RENTALS - 4-10 UNIT,"1,350",4504,24000000,2025-09-18T00:00:00.000
4,ARVERNE,01 ONE FAMILY DWELLINGS,"1,350",974,575000,2024-11-21T00:00:00.000
4,FOREST HILLS,01 ONE FAMILY DWELLINGS,"1,350",2052,1400000,2025-08-28T00:00:00.000
4,SO. JAMAICA-BAISLEY PARK,01 ONE FAMILY DWELLINGS,"1,350",732,515000,2025-05-30T00:00:00.000
4,SO. JAMAICA-BAISLEY PARK,01 ONE FAMILY DWELLINGS,"1,350",810,365000,2025-02-10T00:00:00.000
4,SO. JAMAICA-BAISLEY PARK,01 ONE FAMILY DWELLINGS,"1,350",756,637128,2024-11-25T00:00:00.000
4,SO. JAMAICA-BAISLEY PARK,02 TWO FAMILY DWELLINGS,"1,350",2112,650000,2025-01-27T00:00:00.000
4,SOUTH JAMAICA,01 ONE FAMILY DWELLINGS,"1,350",1468,615000,2025-05-30T00:00:00.000
4,SOUTH JAMAICA,02 TWO FAMILY DWELLINGS,"1,350",1232,590000,2025-01-21T00:00:00.000
5,BULLS HEAD,01 ONE FAMILY DWELLINGS,"1,350",1080,588000,2025-03-07T00:00:00.000
5,CONCORD,01 ONE FAMILY DWELLINGS,"1,350",1200,600000,2025-06-10T00:00:00.000
5,NEW SPRINGVILLE,01 ONE FAMILY DWELLINGS,"1,350",1140,390000,2025-04-10T00:00:00.000
5,NEW SPRINGVILLE,01 ONE FAMILY DWELLINGS,"1,350",1140,600000,2025-09-03T00:00:00.000
5,WESTERLEIGH,01 ONE FAMILY DWELLINGS,"1,350",1060,525000,2025-09-03T00:00:00.000
5,WESTERLEIGH,01 ONE FAMILY DWELLINGS,"1,350",1060,135000,2025-03-31T00:00:00.000
1,UPPER EAST SIDE (59-79),08 RENTALS - ELEVATOR APARTMENTS,"13,500",210305,93900000,2025-05-14T00:00:00.000
4,JAMAICA ESTATES,01 ONE FAMILY DWELLINGS,"13,500",2372,1900000,2025-09-10T00:00:00.000
5,MIDLAND BEACH,22 STORE BUILDINGS,"13,502",6095,4000000,2024-12-17T00:00:00.000
3,BROWNSVILLE,05 TAX CLASS 1 VACANT LAND,"1,351",0,163000,2025-05-07T00:00:00.000
3,DOWNTOWN-FULTON MALL,02 TWO FAMILY DWELLINGS,"1,351",3680,4225000,2025-08-14T00:00:00.000
2,BELMONT,21 OFFICE BUILDINGS,"1,352",2360,1200000,2025-10-03T00:00:00.000
4,LAURELTON,01 ONE FAMILY DWELLINGS,"1,354",1300,630000,2025-08-05T00:00:00.000
3,BEDFORD STUYVESANT,14 RENTALS - 4-10 UNIT,"1,355",3040,1340000,2024-11-04T00:00:00.000
3,GOWANUS,03 THREE FAMILY DWELLINGS,"1,358",1875,2500000,2025-09-29T00:00:00.000
4,SO. JAMAICA-BAISLEY PARK,01 ONE FAMILY DWELLINGS,"1,358",934,371000,2025-08-08T00:00:00.000
4,SO. JAMAICA-BAISLEY PARK,01 ONE FAMILY DWELLINGS,"1,358",736,600000,2025-09-30T00:00:00.000
5,WEST NEW BRIGHTON,01 ONE FAMILY DWELLINGS,"1,358",1008,353886,2025-04-17T00:00:00.000
5,WEST NEW BRIGHTON,01 ONE FAMILY DWELLINGS,"1,358",1008,540000,2025-06-06T00:00:00.000
1,HARLEM-EAST,22 STORE BUILDINGS,"1,360",5134,5426000,2025-04-08T00:00:00.000
1,HARLEM-EAST,22 STORE BUILDINGS,"1,360",4386,5426000,2025-04-08T00:00:00.000
1,UPPER EAST SIDE (59-79),22 STORE BUILDINGS,"1,360",5490,62588500,2025-10-21T00:00:00.000
3,BEDFORD STUYVESANT,02 TWO FAMILY DWELLINGS,"1,360",2520,2600000,2024-12-11T00:00:00.000
3,CROWN HEIGHTS,02 TWO FAMILY DWELLINGS,"1,360",1920,1000000,2024-11-13T00:00:00.000
3,EAST NEW YORK,01 ONE FAMILY DWELLINGS,"1,360",1120,615000,2025-08-08T00:00:00.000
3,GOWANUS,02 TWO FAMILY DWELLINGS,"1,360",1836,1750000,2025-10-16T00:00:00.000
3,GRAVESEND,01 ONE FAMILY DWELLINGS,"1,360",1092,626000,2025-02-19T00:00:00.000
3,OCEAN PARKWAY-NORTH,01 ONE FAMILY DWELLINGS,"1,360",1792,1900000,2025-04-02T00:00:00.000
5,ARDEN HEIGHTS,01 ONE FAMILY DWELLINGS,"1,360",1112,595000,2025-05-28T00:00:00.000
5,MARINERS HARBOR,01 ONE FAMILY DWELLINGS,"1,360",1300,400000,2025-03-31T00:00:00.000
3,BAY RIDGE,01 ONE FAMILY DWELLINGS,"1,361",1344,925000,2025-03-25T00:00:00.000
4,LONG ISLAND CITY,01 ONE FAMILY DWELLINGS,"1,361",2480,2100000,2025-08-06T00:00:00.000
4,RIDGEWOOD,07 RENTALS - WALKUP APARTMENTS,"13,617",15400,599152,2025-09-29T00:00:00.000
1,UPPER EAST SIDE (59-79),14 RENTALS - 4-10 UNIT,"1,362",4196,1500000,2024-12-11T00:00:00.000
5,ROSSVILLE,01 ONE FAMILY DWELLINGS,"1,362",1240,580000,2025-01-30T00:00:00.000
1,HARLEM-EAST,29 COMMERCIAL GARAGES,"13,624",0,8900000,2025-08-07T00:00:00.000
4,JAMAICA,02 TWO FAMILY DWELLINGS,"1,363",3492,1225000,2024-12-12T00:00:00.000
4,WOODSIDE,14 RENTALS - 4-10 UNIT,"1,364",3456,1275000,2024-11-08T00:00:00.000
4,LONG ISLAND CITY,29 COMMERCIAL GARAGES,"13,647",0,8450000,2025-01-22T00:00:00.000
1,UPPER EAST SIDE (79-96),01 ONE FAMILY DWELLINGS,"1,365",3525,7700000,2025-02-03T00:00:00.000
3,BEDFORD STUYVESANT,31 COMMERCIAL VACANT LAND,"1,365",0,2350000,2025-09-04T00:00:00.000
3,PARK SLOPE,02 TWO FAMILY DWELLINGS,"1,365",3800,2500000,2025-09-04T00:00:00.000
3,PARK SLOPE,02 TWO FAMILY DWELLINGS,"1,365",3211,2115000,2025-07-18T00:00:00.000
3,WILLIAMSBURG-NORTH,07 RENTALS - WALKUP APARTMENTS,"1,365",3218,4350000,2025-03-17T00:00:00.000
3,WILLIAMSBURG-SOUTH,02 TWO FAMILY DWELLINGS,"1,365",2730,3090000,2025-08-07T00:00:00.000
5,ARDEN HEIGHTS,01 ONE FAMILY DWELLINGS,"1,365",1319,680000,2025-07-18T00:00:00.000
